,name,satisfaction_level,last_evaluation,number_projects,average_monthly_hours,time_spent_company,work_accident,left,promotion_last_5_years,department,salary,salary_level
1,JOHNSON,0.8,0.86,5,262,6,0,1,0,sales,medium,2
2,WILLIAMS,0.11,0.88,7,272,4,0,1,0,sales,medium,2
3,BROWN,0.72,0.87,5,223,5,0,1,0,sales,low,1
6,DAVIS,0.1,0.77,6,247,4,0,1,0,sales,low,1
7,GARCIA,0.92,0.85,5,259,5,0,1,0,sales,low,1
8,RODRIGUEZ,0.89,1.0,5,224,5,0,1,0,sales,low,1
11,ANDERSON,0.11,0.81,6,305,4,0,1,0,sales,low,1
12,TAYLOR,0.84,0.92,4,234,5,0,1,0,sales,low,1
17,JACKSON,0.78,0.99,4,255,6,0,1,0,sales,low,1
19,WHITE,0.76,0.89,5,262,5,0,1,0,sales,low,1
20,LOPEZ,0.11,0.83,6,282,4,0,1,0,sales,low,1
22,GONZALEZ,0.09,0.95,6,304,4,0,1,0,sales,low,1
25,LEWIS,0.89,0.92,5,242,5,0,1,0,sales,low,1
26,ROBINSON,0.82,0.87,4,239,5,0,1,0,sales,low,1
34,KING,0.84,0.87,4,246,6,0,1,0,hr,low,1
35,SCOTT,0.1,0.94,6,255,4,0,1,0,technical,low,1
38,ADAMS,0.11,0.89,6,306,4,0,1,0,technical,low,1
40,HILL,0.87,0.88,5,269,5,0,1,0,technical,low,1
43,MITCHELL,0.1,0.8,7,281,4,0,1,0,technical,low,1
44,ROBERTS,0.09,0.89,6,276,4,0,1,0,technical,low,1
45,CARTER,0.84,0.74,3,182,4,0,1,0,technical,low,1
50,PARKER,0.13,0.78,6,152,2,0,1,0,support,low,1
54,FLORES,0.1,0.92,7,307,4,0,1,0,support,low,1
56,NGUYEN,0.11,0.94,7,255,4,0,1,0,support,low,1
57,MURPHY,0.1,0.81,6,309,4,0,1,0,technical,low,1
59,COOK,0.85,1.0,4,225,5,0,1,0,technical,low,1
60,ROGERS,0.85,0.91,5,226,5,0,1,0,management,medium,2
61,MORGAN,0.11,0.93,7,308,4,0,1,0,IT,medium,2
62,PETERSON,0.1,0.95,6,244,5,0,1,0,IT,medium,2
64,REED,0.11,0.94,6,286,4,0,1,0,IT,medium,2
67,GOMEZ,0.9,0.98,4,264,6,0,1,0,product_mng,medium,2
68,KELLY,0.76,0.86,5,223,5,1,1,0,product_mng,medium,2
70,WARD,0.74,0.99,2,277,3,0,1,0,IT,medium,2
71,COX,0.09,0.77,5,275,4,0,1,0,product_mng,medium,2
73,RICHARDSON,0.09,0.87,7,295,4,0,1,0,product_mng,low,1
74,WOOD,0.11,0.97,6,277,4,0,1,0,product_mng,medium,2
75,WATSON,0.11,0.79,7,306,4,0,1,0,product_mng,medium,2
76,BROOKS,0.1,0.83,6,295,4,0,1,0,product_mng,medium,2
83,PRICE,0.84,0.85,4,249,6,0,1,0,marketing,low,1
84,MYERS,0.11,0.77,6,291,4,0,1,0,marketing,low,1
85,LONG,0.11,0.87,6,305,4,0,1,0,marketing,low,1
86,FOSTER,0.17,0.84,5,232,3,0,1,0,sales,low,1
89,MORALES,0.1,0.79,6,291,4,0,1,0,sales,low,1
91,SULLIVAN,0.89,1.0,5,246,5,0,1,0,sales,low,1
94,JENKINS,0.09,0.83,6,255,4,0,1,0,sales,low,1
96,PERRY,0.1,0.77,6,265,4,0,1,0,sales,low,1
97,BUTLER,0.1,0.84,6,279,4,0,1,0,sales,low,1
98,BARNES,0.11,0.97,6,284,4,0,1,0,sales,low,1
99,FISHER,0.9,1.0,5,221,6,0,1,0,sales,medium,2
103,PATTERSON,0.09,0.94,7,267,4,0,1,0,sales,medium,2
106,HAMILTON,0.91,1.0,4,257,5,0,1,0,accounting,medium,2
108,KIM,0.71,0.87,3,177,4,0,1,0,hr,medium,2
111,RAMOS,0.09,0.85,6,289,4,0,1,0,hr,high,3
113,GRIFFIN,0.9,0.96,4,258,5,0,1,0,technical,medium,2
114,WEST,0.84,1.0,5,234,5,0,1,0,technical,medium,2
117,CHAVEZ,0.11,0.84,6,251,4,0,1,0,technical,low,1
122,MURRAY,0.75,1.0,4,216,6,0,1,0,technical,low,1
123,FORD,0.11,0.84,6,300,5,1,1,0,support,low,1
125,OWENS,0.11,0.92,6,260,4,0,1,0,support,low,1
127,HARRISON,0.7,0.89,3,183,5,0,1,0,support,low,1
128,RUIZ,0.09,0.82,6,250,4,0,1,0,support,low,1
130,WELLS,0.1,0.83,6,292,4,0,1,0,support,low,1
132,WOODS,0.9,1.0,5,221,5,0,1,0,support,low,1
135,OLSON,0.31,0.84,7,133,5,0,1,0,technical,low,1
136,WEBB,0.1,0.84,6,283,4,1,1,0,technical,low,1
138,TUCKER,0.74,1.0,4,249,5,0,1,0,IT,low,1
139,FREEMAN,0.73,0.87,5,257,5,0,1,0,IT,low,1
140,BURNS,0.09,0.96,6,245,4,0,1,0,IT,low,1
142,VASQUEZ,0.11,0.8,6,256,4,0,1,0,IT,low,1
144,SIMPSON,0.84,0.99,4,267,5,0,1,0,product_mng,low,1
146,JIMENEZ,0.76,0.92,4,239,5,0,1,0,product_mng,low,1
147,PORTER,0.11,0.87,6,306,4,0,1,0,IT,low,1
148,MASON,0.84,0.88,4,263,5,1,1,0,marketing,low,1
150,GORDON,0.11,0.91,6,278,4,0,1,0,marketing,low,1
155,DIXON,0.11,0.8,6,304,4,0,1,0,accounting,low,1
156,HUNT,0.83,1.0,5,240,5,0,1,0,support,low,1
157,PALMER,0.11,0.92,6,305,4,0,1,0,technical,low,1
160,HOLMES,0.1,0.95,7,301,4,0,1,0,marketing,low,1
161,STONE,0.9,0.98,5,243,6,0,1,0,marketing,low,1
163,BOYD,0.79,0.89,5,239,5,0,1,0,sales,low,1
164,MILLS,0.9,0.99,5,260,5,0,1,0,sales,low,1
165,WARREN,0.11,0.84,7,296,4,0,1,0,sales,low,1
170,SCHMIDT,0.81,0.99,4,259,5,0,1,0,sales,low,1
172,FERGUSON,0.11,0.78,7,278,4,0,1,0,sales,low,1
173,NICHOLS,0.1,0.88,6,284,4,0,1,0,sales,low,1
175,MEDINA,0.54,0.74,4,164,2,0,1,0,sales,low,1
179,DANIELS,0.11,0.85,6,308,5,0,1,0,sales,medium,2
181,GARDNER,0.1,0.84,6,261,4,0,1,0,accounting,medium,2
182,PAYNE,0.89,0.99,5,257,5,0,1,0,accounting,medium,2
183,KELLEY,0.11,0.8,6,285,4,0,1,0,accounting,medium,2
186,ARNOLD,0.09,0.85,6,297,4,0,1,0,hr,medium,2
190,HAWKINS,0.09,0.8,7,283,5,0,1,0,technical,low,1
191,GRANT,0.92,0.87,4,226,6,1,1,0,technical,medium,2
192,HANSEN,0.74,0.91,4,232,5,0,1,0,technical,medium,2
193,CASTRO,0.09,0.82,6,249,4,0,1,0,technical,medium,2
194,HOFFMAN,0.89,0.95,4,275,5,0,1,0,technical,medium,2
195,HART,0.09,0.8,6,304,4,0,1,0,technical,low,1
197,CUNNINGHAM,0.1,0.91,6,287,4,0,1,0,technical,low,1
198,KNIGHT,0.1,0.89,7,285,4,0,1,0,technical,low,1
199,BRADLEY,0.77,0.94,5,226,6,0,1,0,support,low,1
200,CARROLL,0.9,0.82,5,259,5,0,1,0,support,low,1
202,DUNCAN,0.76,1.0,5,219,5,0,1,0,support,low,1
203,ARMSTRONG,0.1,0.93,6,256,4,0,1,0,support,low,1
204,BERRY,0.87,0.9,5,254,6,0,1,0,support,low,1
206,JOHNSTON,0.77,0.99,5,228,5,0,1,0,support,low,1
207,RAY,0.78,0.87,4,228,5,0,1,0,support,low,1
212,AGUILAR,0.88,1.0,5,219,5,0,1,0,technical,low,1
217,CHAPMAN,0.9,0.98,5,245,5,0,1,0,IT,low,1
219,GARZA,0.89,0.87,5,225,5,0,1,0,product_mng,low,1
220,VARGAS,0.1,0.84,6,286,4,0,1,0,product_mng,low,1
223,LARSON,0.87,0.9,5,252,5,0,1,0,IT,low,1
225,HARPER,0.9,0.97,4,258,5,0,1,0,accounting,low,1
228,BURKE,0.85,0.95,5,236,5,0,1,0,hr,low,1
229,GUZMAN,0.78,0.98,5,239,6,0,1,0,marketing,low,1
231,MUNOZ,0.92,0.99,5,255,6,0,1,0,sales,low,1
232,JACOBS,0.11,0.83,6,244,4,0,1,0,accounting,low,1
235,FRANKLIN,0.83,0.85,4,255,5,0,1,0,management,low,1
239,SALAZAR,0.1,0.97,7,254,4,0,1,0,sales,low,1
240,AUSTIN,0.1,0.87,7,289,4,0,1,0,sales,low,1
244,WILLIAMSON,0.89,0.86,5,275,5,0,1,0,sales,low,1
248,HOWELL,0.87,0.91,4,228,5,0,1,0,sales,low,1
249,DEAN,0.11,0.84,6,298,4,0,1,0,sales,low,1
250,HANSON,0.79,0.87,5,261,5,0,1,0,sales,low,1
251,WEBER,0.79,0.92,5,254,6,0,1,0,sales,low,1
253,SIMS,0.87,0.98,4,248,5,0,1,0,sales,low,1
254,BURTON,0.6,0.92,2,258,5,0,1,0,sales,low,1
256,SOTO,0.11,0.81,6,266,4,1,1,0,sales,medium,2
258,WELCH,0.88,0.88,5,232,5,1,1,0,accounting,medium,2
259,CHEN,0.11,0.84,6,287,4,0,1,0,accounting,medium,2
261,WALTERS,0.82,0.97,5,263,5,0,1,0,hr,medium,2
263,FIELDS,0.11,0.78,6,260,4,0,1,0,hr,medium,2
265,LITTLE,0.84,0.93,4,251,5,0,1,0,technical,medium,2
266,FOWLER,0.11,0.95,6,286,4,0,1,0,technical,medium,2
269,MAY,0.38,0.86,6,139,6,0,1,0,technical,medium,2
271,SCHNEIDER,0.11,0.84,6,251,4,0,1,0,technical,medium,2
272,NEWMAN,0.81,0.93,5,270,5,0,1,0,technical,medium,2
273,BREWER,0.09,0.96,6,296,4,0,1,0,technical,low,1
274,LUCAS,0.11,0.9,6,254,4,0,1,0,technical,low,1
275,HOLLAND,0.81,0.95,5,238,6,0,1,0,technical,low,1
276,WONG,0.1,0.97,6,267,4,1,1,0,support,low,1
277,BANKS,0.74,0.89,5,229,6,0,1,0,support,low,1
278,SANTOS,0.09,0.78,6,254,4,0,1,0,support,low,1
279,CURTIS,0.82,0.81,4,233,4,1,1,0,support,low,1
280,PEARSON,0.1,0.98,6,268,4,0,1,0,support,low,1
282,VALDEZ,0.83,0.92,5,267,6,0,1,0,support,low,1
283,PENA,0.1,0.93,6,289,4,1,1,0,support,low,1
286,SANDOVAL,0.11,0.83,6,306,4,0,1,0,support,low,1
287,BARRETT,0.11,0.79,6,292,4,0,1,1,technical,low,1
288,HOPKINS,0.82,0.91,5,232,5,0,1,0,technical,low,1
291,STANLEY,0.87,0.84,5,231,5,0,1,0,IT,low,1
293,ALVARADO,0.11,0.91,6,308,4,1,1,0,IT,low,1
294,BECK,0.1,0.93,6,253,4,0,1,0,IT,medium,2
299,BARNETT,0.74,0.84,5,249,5,0,1,0,product_mng,medium,2
301,SANTIAGO,0.12,1.0,3,278,4,0,1,0,RandD,medium,2
302,LAMBERT,0.1,0.77,7,250,5,0,1,0,RandD,medium,2
304,CHAMBERS,0.89,0.87,5,255,5,0,1,0,RandD,medium,2
307,LEONARD,0.11,0.81,5,287,4,0,1,0,sales,low,1
309,RHODES,0.1,0.94,6,285,4,0,1,0,support,medium,2
310,BYRD,0.1,0.93,7,305,4,0,1,0,technical,medium,2
311,GREGORY,0.11,0.95,7,300,4,0,1,0,management,medium,2
314,BECKER,0.1,0.81,6,268,4,0,1,0,marketing,low,1
315,MALDONADO,0.73,0.86,4,245,6,0,1,0,sales,low,1
318,SUTTON,0.11,0.94,6,276,4,0,1,0,sales,low,1
321,PARKS,0.82,0.84,5,244,5,0,1,0,sales,low,1
323,WATTS,0.11,0.91,7,287,4,0,1,0,sales,low,1
327,VAZQUEZ,0.88,0.99,5,262,6,0,1,0,sales,low,1
328,HOLT,0.1,0.85,6,266,4,0,1,0,sales,low,1
331,BENSON,0.11,0.85,7,302,4,0,1,0,sales,low,1
332,NEAL,0.09,0.98,6,271,4,0,1,0,sales,low,1
334,HORTON,0.1,0.81,6,290,4,0,1,0,accounting,medium,2
336,WOLFE,0.77,0.87,5,266,5,0,1,0,accounting,medium,2
339,GRAVES,0.1,0.91,6,246,4,0,1,0,hr,medium,2
340,HAYNES,0.09,0.89,7,308,5,0,1,0,hr,medium,2
342,PARK,0.9,1.0,5,232,5,0,1,0,technical,medium,2
345,BUSH,0.1,0.86,6,278,4,0,1,0,technical,high,3
346,THORNTON,0.81,1.0,4,253,5,0,1,0,technical,low,1
347,MCCARTHY,0.11,0.8,6,282,4,0,1,0,technical,medium,2
348,MANN,0.11,0.84,7,264,4,0,1,0,technical,medium,2
350,ERICKSON,0.09,0.8,6,304,5,0,1,0,technical,medium,2
351,FLETCHER,0.48,0.93,3,219,6,0,1,0,technical,low,1
352,MCKINNEY,0.91,0.91,4,262,6,0,1,0,support,low,1
354,DAWSON,0.33,0.88,6,219,5,0,1,0,support,low,1
359,ESPINOZA,0.09,0.91,6,275,4,0,1,0,support,low,1
360,BALDWIN,0.1,0.87,6,290,4,0,1,0,support,low,1
361,MORAN,0.76,0.9,4,263,5,0,1,0,support,low,1
363,ROBBINS,0.72,0.96,5,267,5,0,1,0,technical,low,1
365,BALL,0.91,0.87,4,235,5,0,1,0,technical,low,1
366,CORTEZ,0.1,0.83,6,258,4,0,1,0,management,low,1
368,GRIFFITH,0.82,0.86,5,243,5,0,1,0,IT,low,1
369,BOWEN,0.1,0.82,6,266,4,0,1,0,IT,low,1
374,SWANSON,0.86,0.84,5,254,5,0,1,0,product_mng,medium,2
375,BARBER,0.73,0.99,5,262,5,0,1,0,product_mng,medium,2
376,ACOSTA,0.56,0.71,4,296,2,0,1,0,IT,medium,2
379,DANIEL,0.77,0.93,4,231,5,0,1,0,hr,medium,2
385,QUINN,0.75,0.9,5,256,5,0,1,0,support,low,1
386,GROSS,0.1,0.93,6,298,4,0,1,0,technical,medium,2
387,NAVARRO,0.1,0.97,6,247,4,0,1,0,management,medium,2
390,DOYLE,0.78,1.0,4,253,5,0,1,0,marketing,low,1
392,ROJAS,0.84,1.0,4,261,5,0,1,0,sales,low,1
393,RODGERS,0.11,0.93,6,282,4,0,1,0,sales,low,1
397,FIGUEROA,0.09,0.79,6,293,5,0,1,0,sales,low,1
398,HARMON,0.87,0.83,4,265,6,0,1,0,sales,low,1
399,NEWTON,0.1,0.87,6,250,4,0,1,0,sales,low,1
400,PAUL,0.91,1.0,5,251,6,0,1,0,sales,low,1
401,MANNING,0.76,0.92,4,246,5,0,1,0,sales,low,1
402,GARNER,0.74,1.0,5,275,5,0,1,0,sales,low,1
403,MCGEE,0.92,0.93,5,240,5,0,1,0,sales,low,1
404,REESE,0.76,0.87,5,245,5,0,1,0,sales,low,1
406,BURGESS,0.73,0.99,5,241,5,0,1,0,sales,low,1
407,ADKINS,0.09,0.94,6,257,4,0,1,0,sales,low,1
408,GOODMAN,0.91,0.92,4,246,5,0,1,0,sales,low,1
409,CURRY,0.82,0.98,4,233,5,0,1,0,sales,low,1
411,CHRISTENSEN,0.84,0.99,4,262,6,0,1,0,accounting,medium,2
414,GOODWIN,0.91,0.97,5,233,5,0,1,0,hr,medium,2
416,MOLINA,0.82,1.0,4,229,6,0,1,0,hr,medium,2
417,WEBSTER,0.11,0.9,6,264,4,0,1,0,technical,medium,2
419,CAMPOS,0.82,0.85,4,223,5,0,1,0,technical,medium,2
420,AVILA,0.09,0.96,6,268,4,0,1,0,technical,medium,2
421,SHERMAN,0.1,0.94,6,287,4,0,1,0,technical,medium,2
422,TODD,0.86,1.0,5,257,5,0,1,0,technical,medium,2
426,WOLF,0.74,0.92,4,261,5,0,1,0,technical,medium,2
433,DURAN,0.87,0.84,4,264,6,0,1,0,support,low,1
434,HUBBARD,0.1,0.84,6,309,4,0,1,0,support,low,1
436,MIRANDA,0.11,0.85,6,261,4,0,1,0,support,low,1
438,SAUNDERS,0.77,0.9,4,237,5,0,1,0,support,low,1
441,HAMMOND,0.36,0.78,2,151,4,0,1,0,technical,low,1
442,CARRILLO,0.77,1.0,5,229,5,0,1,0,management,low,1
443,TOWNSEND,0.81,0.98,5,245,5,0,1,0,IT,low,1
445,INGRAM,0.09,0.94,6,283,5,0,1,0,IT,low,1
447,MEJIA,0.1,0.84,5,298,4,0,1,0,IT,low,1
449,SCHROEDER,0.81,0.92,5,239,5,0,1,0,product_mng,low,1
450,HAMPTON,0.81,0.9,4,226,5,0,1,0,product_mng,medium,2
451,ROWE,0.85,0.98,5,248,5,0,1,0,product_mng,medium,2
452,PARSONS,0.1,0.87,6,286,4,0,1,0,IT,medium,2
454,WATERS,0.09,0.97,7,254,4,1,1,0,RandD,medium,2
456,OSBORNE,0.86,0.93,5,223,5,0,1,0,RandD,medium,2
457,MAXWELL,0.77,1.0,4,255,5,0,1,0,RandD,medium,2
463,PATTON,0.8,0.85,4,273,5,0,1,0,management,low,1
464,LOGAN,0.82,0.98,5,234,5,0,1,0,marketing,medium,2
467,GLOVER,0.09,0.95,6,292,4,0,1,0,sales,medium,2
468,FLOYD,0.9,0.92,5,245,5,0,1,0,sales,low,1
470,BUCHANAN,0.1,0.85,6,260,4,0,1,0,sales,low,1
472,FRENCH,0.89,0.85,5,266,5,0,1,0,sales,low,1
474,MCCORMICK,0.87,1.0,5,242,5,0,1,0,sales,low,1
476,TYLER,0.11,0.87,5,271,4,0,1,0,sales,low,1
477,GIBBS,0.09,0.79,6,275,4,0,1,0,sales,low,1
478,MOODY,0.76,0.83,5,227,5,0,1,0,sales,low,1
479,CONNER,0.11,0.96,7,277,5,0,1,0,sales,low,1
481,MCGUIRE,0.1,0.79,6,274,4,0,1,0,sales,low,1
482,LEON,0.77,0.87,4,242,6,0,1,0,sales,low,1
485,POPE,0.32,0.95,5,172,2,0,1,0,sales,low,1
487,HOGAN,0.19,1.0,4,192,4,0,1,0,accounting,low,1
488,ROBLES,0.1,0.83,7,276,4,0,1,0,accounting,low,1
489,SALINAS,0.76,0.88,4,206,4,0,1,0,hr,medium,2
492,LLOYD,0.11,0.83,6,244,4,0,1,0,hr,medium,2
493,MARSH,0.1,0.94,6,309,4,0,1,0,technical,medium,2
494,MCBRIDE,0.84,1.0,5,218,5,0,1,0,technical,medium,2
495,OWEN,0.82,0.99,4,263,6,0,1,0,technical,medium,2
496,SOLIS,0.1,0.82,6,244,4,0,1,0,technical,medium,2
499,PRATT,0.89,0.95,2,181,5,0,1,0,technical,medium,2
500,LARA,0.91,0.84,5,265,5,0,1,0,technical,medium,2
502,BALLARD,0.11,0.87,7,282,5,0,1,0,technical,low,1
504,SHAFFER,0.78,0.83,4,217,6,0,1,0,support,medium,2
505,DRAKE,0.11,0.97,6,289,5,0,1,0,support,medium,2
506,ROMAN,0.83,0.98,4,259,5,0,1,0,support,medium,2
511,PACHECO,0.53,0.85,2,164,5,0,1,0,support,low,1
512,PATRICK,0.09,0.96,6,259,4,0,1,0,support,low,1
513,COCHRAN,0.11,0.89,6,293,4,0,1,0,support,low,1
514,SHEPHERD,0.83,0.96,5,275,5,0,1,0,support,low,1
515,CAIN,0.88,1.0,5,219,6,1,1,0,technical,low,1
516,BURNETT,0.1,0.89,6,247,4,0,1,0,technical,low,1
517,HESS,0.09,0.86,7,309,4,0,1,0,technical,low,1
520,OLSEN,0.87,0.94,4,274,5,0,1,0,IT,low,1
521,BRIGGS,0.74,0.99,4,233,5,0,1,0,IT,low,1
522,OCHOA,0.1,0.95,7,289,4,0,1,0,IT,low,1
523,CABRERA,0.74,0.82,4,239,6,0,1,0,IT,low,1
524,VELASQUEZ,0.75,0.99,5,221,5,0,1,0,product_mng,low,1
527,MEYERS,0.09,0.9,7,289,4,0,1,0,product_mng,low,1
528,CARDENAS,0.09,0.8,6,301,5,0,1,0,IT,medium,2
532,HOOVER,0.1,0.84,6,246,4,0,1,0,hr,medium,2
534,UNDERWOOD,0.75,0.85,5,240,6,1,1,0,marketing,medium,2
536,CARSON,0.11,0.85,6,305,4,0,1,0,accounting,medium,2
538,COLON,0.87,1.0,5,261,5,1,1,0,technical,medium,2
539,HOLLOWAY,0.11,0.94,7,244,4,0,1,0,management,medium,2
541,BRYAN,0.81,0.87,4,254,5,0,1,0,marketing,low,1
542,PETERSEN,0.77,0.91,5,236,5,0,1,0,marketing,medium,2
543,MCKENZIE,0.89,0.92,5,237,5,0,1,0,sales,medium,2
545,WILCOX,0.78,1.0,5,236,5,0,1,0,sales,medium,2
548,POOLE,0.85,0.82,4,270,5,0,1,0,sales,low,1
550,GALLEGOS,0.11,0.96,6,298,4,0,1,0,sales,low,1
551,GREER,0.75,0.99,5,254,5,0,1,0,sales,low,1
552,RIVAS,0.82,0.85,5,248,5,0,1,0,sales,low,1
553,GUERRA,0.79,1.0,5,257,6,0,1,0,sales,low,1
555,COLLIER,0.1,0.9,7,281,4,0,1,0,sales,low,1
559,FLOWERS,0.11,0.8,7,296,4,0,1,0,sales,low,1
560,DAVENPORT,0.09,0.86,6,279,4,0,1,0,sales,low,1
563,HUFF,0.1,0.77,7,291,4,0,1,0,accounting,low,1
566,MONROE,0.11,0.79,7,310,4,0,1,0,hr,low,1
567,MASSEY,0.1,0.97,6,282,4,0,1,0,hr,medium,2
571,LARSEN,0.73,1.0,4,252,5,0,1,0,technical,medium,2
572,PITTMAN,0.75,0.97,5,243,6,0,1,0,technical,medium,2
576,KIRBY,0.48,0.78,2,198,2,0,1,0,technical,medium,2
577,CAMERON,0.57,0.72,4,275,6,0,1,0,technical,medium,2
578,BRIDGES,0.9,0.96,5,243,5,0,1,0,technical,medium,2
581,KIRK,0.81,0.88,5,242,5,0,1,0,support,medium,2
582,BRUCE,0.74,0.87,5,242,5,0,1,0,support,medium,2
587,ABBOTT,0.8,0.83,2,211,3,0,1,0,support,low,1
588,CHARLES,0.87,0.9,5,258,5,0,1,0,support,low,1
592,HORN,0.1,0.8,6,264,4,0,1,0,technical,low,1
594,ROSALES,0.1,0.77,6,255,4,0,1,0,management,low,1
595,YORK,0.09,0.87,5,263,4,0,1,0,IT,low,1
596,CHRISTIAN,0.86,0.84,5,222,5,0,1,0,IT,low,1
597,PHELPS,0.11,0.9,6,263,4,0,1,0,IT,low,1
599,CASTANEDA,0.11,0.92,7,307,4,0,1,0,IT,low,1
600,NASH,0.77,0.98,5,259,6,0,1,0,product_mng,low,1
601,DICKERSON,0.84,0.94,5,222,6,0,1,0,product_mng,low,1
602,BOND,0.1,0.84,7,250,4,0,1,0,product_mng,low,1
603,WYATT,0.83,0.9,5,245,5,0,1,0,product_mng,low,1
604,FOLEY,0.11,0.79,6,292,4,0,1,0,IT,low,1
605,CHASE,0.86,0.92,5,252,5,0,1,0,RandD,low,1
607,VINCENT,0.11,0.88,5,250,4,0,1,0,RandD,medium,2
609,HODGE,0.1,0.85,7,279,4,0,1,0,RandD,medium,2
610,GARRISON,0.09,0.95,7,256,4,0,1,0,marketing,medium,2
613,HEATH,0.81,0.97,5,243,5,0,1,0,support,medium,2
614,DALTON,0.09,0.9,7,296,4,0,1,0,technical,medium,2
615,VALENCIA,0.1,0.88,7,267,4,0,1,0,management,medium,2
617,HENSLEY,0.83,0.95,4,251,5,0,1,0,marketing,medium,2
620,ROY,0.8,0.75,3,268,2,0,1,0,sales,medium,2
621,BOYER,0.1,0.86,6,247,4,0,1,0,sales,medium,2
625,GRIMES,0.78,0.98,5,263,6,0,1,0,sales,low,1
628,DELACRUZ,0.72,0.85,5,244,6,0,1,0,sales,low,1
630,DILLON,0.1,0.9,7,286,4,0,1,0,sales,low,1
632,ONEILL,0.11,0.89,6,260,5,0,1,0,sales,low,1
634,BOOTH,0.82,0.92,5,225,5,0,1,0,sales,low,1
638,PITTS,0.84,0.83,4,227,5,0,1,0,accounting,low,1
641,BRENNAN,0.74,0.97,4,228,5,0,1,0,hr,low,1
642,SALAS,0.73,0.97,5,235,5,0,1,0,hr,low,1
646,BAXTER,0.51,0.83,5,249,4,0,1,0,technical,medium,2
651,MCDOWELL,0.09,0.88,6,269,4,0,1,0,technical,medium,2
652,WILEY,0.09,0.77,6,290,4,0,1,0,technical,medium,2
654,HUMPHREY,0.1,0.89,7,308,4,0,1,0,technical,medium,2
655,JOHNS,0.77,1.0,4,232,5,0,1,0,technical,medium,2
656,KOCH,0.79,0.86,5,235,5,0,1,0,support,medium,2
659,BEARD,0.77,0.91,5,221,6,0,1,0,support,medium,2
662,KEITH,0.78,0.89,5,274,6,0,1,0,support,medium,2
663,MACIAS,0.1,0.79,6,256,5,0,1,0,support,low,1
664,KHAN,0.1,0.77,5,276,4,0,1,0,support,low,1
665,ANDRADE,0.75,0.85,5,267,5,0,1,0,support,low,1
667,STEPHENSON,0.91,0.97,4,274,6,0,1,0,technical,low,1
668,HENSON,0.1,0.92,6,258,4,0,1,0,technical,low,1
670,DYER,0.11,0.95,6,245,4,0,1,0,management,low,1
671,MCCLURE,0.11,0.94,6,264,4,0,1,0,IT,low,1
676,CLAY,0.11,0.82,6,270,4,0,1,0,product_mng,low,1
677,BARRON,0.73,0.89,5,236,6,0,1,0,product_mng,low,1
679,ONEAL,0.86,1.0,5,229,5,0,1,0,product_mng,low,1
680,SMALL,0.1,0.83,6,269,4,0,1,0,IT,low,1
682,WU,0.11,0.87,7,278,4,0,1,0,sales,low,1
683,ZAMORA,0.86,0.98,3,158,5,0,1,0,sales,low,1
684,MACDONALD,0.42,1.0,3,202,3,0,1,0,sales,medium,2
685,VANCE,0.79,0.84,4,240,5,0,1,0,sales,medium,2
686,SNOW,0.1,0.96,7,255,4,0,1,0,marketing,medium,2
687,MCCLAIN,0.09,0.92,7,254,4,0,1,0,sales,medium,2
688,STAFFORD,0.09,0.82,6,257,4,0,1,0,accounting,medium,2
689,OROZCO,0.87,1.0,4,228,5,0,1,0,support,medium,2
691,ENGLISH,0.42,0.75,3,218,4,0,1,0,management,medium,2
692,SHANNON,0.84,0.86,5,268,5,0,1,0,marketing,medium,2
693,KLINE,0.1,0.83,6,278,4,0,1,0,marketing,medium,2
694,JACOBSON,0.78,0.71,3,249,5,0,1,0,marketing,medium,2
695,WOODARD,0.35,0.99,3,236,4,0,1,0,sales,medium,2
696,HUANG,0.1,0.81,7,291,4,0,1,0,sales,high,3
697,KEMP,0.11,0.8,6,306,4,0,1,0,sales,low,1
701,HURST,0.89,0.82,4,243,5,0,1,0,sales,medium,2
706,YODER,0.79,0.93,4,226,5,0,1,0,sales,low,1
707,MCCULLOUGH,0.79,0.91,5,271,5,0,1,0,sales,low,1
708,LESTER,0.11,0.87,6,255,4,0,1,0,sales,low,1
710,VALENZUELA,0.64,0.9,6,252,2,0,1,0,sales,low,1
712,BARRERA,0.84,0.98,5,270,5,0,1,0,sales,low,1
713,ORR,0.73,0.92,5,232,5,0,1,0,sales,low,1
717,STRONG,0.11,0.78,6,243,4,0,1,0,hr,low,1
718,CONWAY,0.91,1.0,5,244,6,0,1,0,hr,low,1
719,STEIN,0.8,1.0,5,260,5,0,1,0,hr,low,1
721,BULLOCK,0.31,0.87,4,184,3,0,1,0,technical,low,1
729,STOUT,0.09,0.83,6,282,4,0,1,0,technical,medium,2
731,BROWNING,0.79,0.94,4,232,5,0,1,0,technical,medium,2
734,BARTLETT,0.11,0.92,7,255,4,0,1,0,support,medium,2
735,PRUITT,0.83,0.99,5,258,5,0,1,0,support,high,3
736,BUCK,0.81,0.91,4,229,5,0,1,0,support,low,1
738,GAINES,0.11,0.87,6,257,4,0,1,0,support,medium,2
739,DURHAM,0.11,0.85,7,275,4,0,1,0,support,medium,2
740,GENTRY,0.1,0.89,7,291,4,0,1,0,support,medium,2
743,ROCHA,0.11,0.9,6,301,4,0,1,0,technical,low,1
745,HERMAN,0.11,0.78,6,245,4,0,1,0,technical,low,1
749,RANGEL,0.86,0.84,4,246,6,0,1,0,IT,low,1
754,SELLERS,0.66,0.93,5,253,5,0,1,0,product_mng,low,1
756,CALHOUN,0.77,0.92,5,235,5,0,1,0,IT,low,1
760,MCCALL,0.1,0.9,7,290,4,0,1,0,sales,low,1
761,MORSE,0.09,0.93,6,249,4,0,1,0,sales,low,1
764,NIELSEN,0.83,0.99,4,223,5,0,1,0,accounting,medium,2
765,LIVINGSTON,0.09,0.87,3,214,2,0,1,0,support,medium,2
766,LEBLANC,0.75,0.81,5,227,5,0,1,0,technical,medium,2
768,BRADSHAW,0.1,0.84,6,293,5,0,1,0,marketing,medium,2
770,MIDDLETON,0.1,0.83,6,300,4,0,1,0,marketing,medium,2
771,BUCKLEY,0.1,0.86,6,309,4,0,1,0,sales,medium,2
772,SCHAEFER,0.31,0.77,4,149,3,0,1,0,sales,medium,2
776,MCINTOSH,0.1,0.97,6,254,5,0,1,0,sales,medium,2
777,HO,0.11,0.93,6,294,4,0,1,0,sales,medium,2
778,PENNINGTON,0.1,0.92,7,269,4,0,1,0,sales,medium,2
779,REILLY,0.11,0.9,7,247,4,0,1,0,sales,medium,2
781,MCFARLAND,0.91,0.96,4,232,5,0,1,0,sales,low,1
782,HICKMAN,0.72,1.0,4,245,5,0,1,0,sales,low,1
785,CONRAD,0.85,0.99,5,248,5,0,1,0,sales,low,1
786,ARIAS,0.78,0.93,5,225,5,0,1,0,sales,low,1
788,VELAZQUEZ,0.78,0.81,3,222,2,0,1,0,sales,low,1
789,HUYNH,0.1,0.92,6,243,4,1,1,0,sales,low,1
790,FREDERICK,0.23,0.99,4,204,4,1,1,0,accounting,low,1
791,RANDOLPH,0.11,0.87,6,301,4,0,1,0,accounting,low,1
792,CANTU,0.9,0.83,5,259,5,0,1,0,accounting,low,1
793,FITZPATRICK,0.91,0.89,4,247,5,0,1,0,hr,low,1
794,MAHONEY,0.11,0.79,7,295,4,0,1,0,hr,low,1
797,MICHAEL,0.11,0.91,5,291,4,0,1,0,technical,low,1
798,DONOVAN,0.11,0.93,6,253,4,1,1,0,technical,low,1
800,WALLS,0.91,0.97,4,251,6,0,1,0,technical,low,1
802,MAYER,0.85,0.82,5,264,6,0,1,0,technical,medium,2
803,ZUNIGA,0.1,0.77,6,310,4,0,1,0,technical,medium,2
804,GILES,0.81,0.95,5,266,5,0,1,0,technical,medium,2
807,HURLEY,0.86,1.0,5,227,5,0,1,0,technical,medium,2
808,MAYS,0.71,1.0,4,300,5,0,1,0,support,medium,2
809,MCMILLAN,0.11,0.97,7,310,4,0,1,0,support,medium,2
810,CROSBY,0.84,0.93,5,236,5,0,1,0,support,medium,2
811,AYERS,0.09,0.97,7,288,4,0,1,0,support,medium,2
814,SHEPARD,0.1,0.92,7,253,4,1,1,0,support,low,1
815,EVERETT,0.8,0.97,4,218,5,1,1,0,support,medium,2
816,PUGH,0.84,0.97,5,251,5,0,1,0,support,medium,2
817,DAVID,0.11,0.87,6,264,4,0,1,0,support,medium,2
818,MCMAHON,0.89,0.79,3,149,2,0,1,0,support,medium,2
820,BENDER,0.11,0.93,7,284,4,0,1,0,technical,low,1
821,HAHN,0.74,0.93,5,244,5,0,1,0,technical,low,1
825,BLACKBURN,0.11,0.86,6,308,4,0,1,0,IT,low,1
826,DUFFY,0.1,0.93,6,269,4,0,1,0,IT,low,1
827,LANDRY,0.7,0.74,6,136,3,0,1,0,IT,low,1
828,DOUGHERTY,0.59,1.0,2,160,5,0,1,0,product_mng,low,1
830,SHAH,0.72,0.95,4,220,5,0,1,0,product_mng,low,1
831,POTTS,0.73,1.0,5,274,5,0,1,0,product_mng,low,1
833,VALENTINE,0.89,0.82,5,224,6,0,1,0,RandD,low,1
834,MEZA,0.89,1.0,4,260,5,0,1,0,RandD,low,1
835,GOULD,0.11,0.78,6,300,4,1,1,0,RandD,low,1
837,FRY,0.09,0.93,6,308,4,0,1,0,RandD,low,1
838,RUSH,0.81,0.9,5,238,6,0,1,0,marketing,low,1
841,DODSON,0.11,0.85,6,299,4,0,1,0,support,medium,2
842,CLEMENTS,0.1,0.85,6,254,4,0,1,0,technical,medium,2
846,LYNN,0.1,0.84,6,253,4,0,1,0,marketing,medium,2
847,CRANE,0.79,0.94,5,227,6,0,1,0,sales,medium,2
848,FARLEY,0.1,0.81,6,301,4,1,1,0,sales,medium,2
849,CISNEROS,0.54,0.94,6,294,3,0,1,0,sales,medium,2
852,MCKAY,0.82,0.89,5,217,5,0,1,0,sales,high,3
854,BEST,0.79,0.9,5,263,5,0,1,0,sales,medium,2
856,FRIEDMAN,0.1,0.85,6,273,4,0,1,0,sales,medium,2
857,MOSES,0.11,0.78,6,303,4,0,1,0,sales,medium,2
858,SOSA,0.74,1.0,4,253,5,0,1,0,sales,low,1
859,BLANCHARD,0.1,0.93,6,270,4,0,1,0,sales,low,1
860,HUBER,0.79,1.0,4,218,5,0,1,0,sales,low,1
864,ROSARIO,0.1,0.94,6,260,4,0,1,0,sales,low,1
865,RUBIO,0.82,0.85,5,218,5,0,1,0,sales,low,1
868,HALEY,0.74,0.88,4,248,6,0,1,0,accounting,low,1
871,CHOI,0.87,0.94,4,260,5,0,1,0,hr,low,1
872,HORNE,0.1,0.9,5,263,4,0,1,0,hr,low,1
873,YU,0.78,1.0,5,220,5,0,1,0,technical,low,1
874,WOODWARD,0.14,0.73,7,282,5,0,1,0,technical,low,1
875,ALI,0.11,0.94,6,277,5,0,1,0,technical,low,1
876,NIXON,0.91,0.94,5,257,5,0,1,0,technical,low,1
879,ESTES,0.82,0.97,5,263,5,0,1,0,technical,medium,2
880,MCCARTY,0.38,0.88,3,154,4,0,1,0,technical,medium,2
881,RICHMOND,0.89,1.0,5,253,5,0,1,0,technical,medium,2
882,STUART,0.11,0.79,6,294,4,0,1,0,technical,medium,2
885,OCONNELL,0.78,0.87,5,256,5,0,1,0,support,medium,2
888,SHEPPARD,0.11,0.83,6,295,4,0,1,0,support,medium,2
889,CHURCH,0.11,0.79,6,281,4,0,1,0,support,medium,2
891,LEVY,0.75,0.86,5,237,5,0,1,0,support,high,3
892,RASMUSSEN,0.74,0.99,4,276,5,0,1,0,support,low,1
893,COFFEY,0.85,0.85,5,267,5,0,1,0,support,medium,2
894,PONCE,0.73,0.92,5,266,5,0,1,0,support,medium,2
895,FAULKNER,0.1,0.79,6,294,4,0,1,0,technical,medium,2
898,NOVAK,0.11,0.77,7,273,4,0,1,0,management,low,1
899,COSTA,0.84,0.83,5,238,5,0,1,0,IT,low,1
900,MONTES,0.78,0.94,5,271,6,0,1,0,IT,low,1
905,MADDOX,0.76,0.93,5,238,5,0,1,0,product_mng,low,1
906,MATA,0.1,0.78,7,286,4,0,1,0,product_mng,low,1
907,BONILLA,0.09,0.86,6,291,4,0,1,0,product_mng,low,1
908,STANTON,0.92,1.0,5,259,5,0,1,0,IT,low,1
909,COMPTON,0.92,0.9,5,248,5,0,1,0,sales,low,1
910,KAUFMAN,0.79,0.98,4,271,5,0,1,0,sales,low,1
912,MCPHERSON,0.8,0.95,4,274,5,0,1,0,sales,low,1
914,DICKSON,0.89,0.87,5,275,6,0,1,0,marketing,low,1
915,MCCANN,0.48,0.88,3,239,3,0,1,0,sales,low,1
916,VILLEGAS,0.11,0.82,6,304,4,1,1,0,accounting,low,1
918,HESTER,0.11,0.85,6,259,4,0,1,0,technical,medium,2
919,CANTRELL,0.82,0.86,4,264,5,0,1,0,management,medium,2
925,MADDEN,0.11,0.8,7,243,4,0,1,0,sales,medium,2
926,LEVINE,0.78,0.87,4,236,5,0,1,0,sales,medium,2
927,SPENCE,0.46,0.86,2,212,4,0,1,0,sales,medium,2
928,GOOD,0.77,0.91,5,261,6,0,1,0,sales,medium,2
929,IRWIN,0.83,0.82,4,243,5,0,1,0,sales,medium,2
931,KRAUSE,0.9,0.92,5,154,4,0,1,0,sales,low,1
933,WHITNEY,0.1,0.96,6,254,4,1,1,0,sales,medium,2
934,BAIRD,0.1,0.91,6,285,4,0,1,0,sales,medium,2
936,POLLARD,0.1,0.95,7,301,4,0,1,0,sales,low,1
937,ZAVALA,0.11,0.8,6,286,4,0,1,0,sales,low,1
938,JARVIS,0.1,0.89,6,246,4,0,1,0,sales,low,1
940,HENDRIX,0.92,0.92,4,245,5,0,1,0,sales,low,1
942,MCGRATH,0.11,0.89,6,301,4,0,1,0,accounting,low,1
943,BIRD,0.81,1.0,5,235,5,0,1,0,accounting,low,1
944,LUCERO,0.11,0.85,7,272,4,0,1,0,accounting,low,1
945,TERRELL,0.87,1.0,5,274,5,0,1,0,hr,low,1
948,ROLLINS,0.61,0.86,4,196,4,0,1,0,hr,low,1
949,MERCER,0.11,0.95,6,285,4,0,1,0,technical,low,1
950,GALLOWAY,0.09,0.9,7,289,5,0,1,0,technical,low,1
952,ODOM,0.09,0.94,6,308,4,0,1,0,technical,low,1
953,ANDERSEN,0.41,0.71,4,301,5,0,1,0,technical,low,1
955,HATFIELD,0.1,0.91,6,262,5,1,1,0,technical,low,1
959,TRAVIS,0.1,0.94,7,281,4,0,1,0,technical,medium,2
961,HINTON,0.73,0.83,5,270,5,1,1,0,support,medium,2
966,BRANCH,0.09,0.85,5,281,4,0,1,0,support,medium,2
967,MOONEY,0.85,0.92,4,275,5,0,1,0,support,medium,2
971,FREY,0.72,1.0,5,264,5,0,1,0,technical,medium,2
972,BRAUN,0.11,0.74,6,290,5,0,1,0,technical,medium,2
974,RIDDLE,0.1,0.81,6,304,4,0,1,0,management,medium,2
976,KAISER,0.92,0.94,5,307,5,0,1,0,IT,low,1
977,HOLDER,0.11,0.87,5,303,4,0,1,0,IT,low,1
979,MCKNIGHT,0.11,0.95,6,271,4,0,1,0,IT,low,1
982,COOLEY,0.85,0.97,4,266,6,0,1,0,product_mng,low,1
984,COWAN,0.75,0.86,5,260,5,0,1,0,IT,low,1
987,DAVIES,0.1,0.79,6,249,4,0,1,0,RandD,low,1
988,BARAJAS,0.74,0.89,5,259,5,0,1,0,RandD,low,1
990,OSBORN,0.09,0.77,6,244,4,0,1,0,marketing,low,1
991,BRIGHT,0.76,0.91,4,219,5,0,1,0,sales,low,1
993,BOLTON,0.84,0.88,4,269,5,0,1,0,support,low,1
997,KIDD,0.86,0.94,5,224,5,0,1,0,marketing,medium,2
1000,GOFF,0.87,1.0,4,258,5,1,1,1,sales,medium,2
1001,DEJESUS,0.11,0.85,6,267,4,0,1,0,sales,medium,2
1004,BONNER,0.09,0.8,6,247,4,0,1,0,sales,medium,2
1008,LANCASTER,0.87,0.9,4,256,5,0,1,0,sales,high,3
1009,MCGOWAN,0.75,0.88,4,239,5,0,1,0,sales,low,1
1012,SLATER,0.1,0.87,6,284,4,0,1,0,sales,medium,2
1013,CARVER,0.11,0.78,7,248,4,0,1,0,sales,medium,2
1017,SNIDER,0.92,0.87,4,229,6,0,1,0,sales,low,1
1019,WITT,0.86,0.95,4,241,5,0,1,0,accounting,low,1
1020,NEWELL,0.74,0.87,5,258,5,0,1,0,accounting,low,1
1021,BYERS,0.8,0.95,3,146,5,0,1,0,hr,low,1
1027,ALBERT,0.09,0.9,6,287,4,0,1,0,technical,low,1
1028,WORKMAN,0.88,0.89,4,275,5,0,1,0,technical,low,1
1029,ROSAS,0.1,0.82,6,272,4,0,1,0,technical,low,1
1030,SPRINGER,0.1,0.97,6,307,4,0,1,0,technical,low,1
1031,KINNEY,0.11,0.93,4,295,3,0,1,0,technical,low,1
1032,JUSTICE,0.84,0.88,5,237,5,0,1,0,technical,low,1
1034,LAKE,0.1,0.86,6,266,4,1,1,0,technical,low,1
1035,DONNELLY,0.1,0.95,6,256,4,0,1,0,technical,medium,2
1037,DAILEY,0.09,0.97,7,268,4,0,1,0,support,medium,2
1038,GUEVARA,0.89,1.0,4,237,5,0,1,0,support,medium,2
1039,SHOEMAKER,0.82,1.0,4,273,6,0,1,0,support,medium,2
1040,BARLOW,0.11,0.89,6,309,4,0,1,0,support,medium,2
1041,MARINO,0.81,0.84,5,258,5,0,1,0,support,medium,2
1042,WINTER,0.81,0.94,5,233,6,0,1,0,support,medium,2
1043,CRAFT,0.77,1.0,4,249,6,0,1,0,support,medium,2
1044,KATZ,0.63,0.94,3,179,2,0,1,0,support,medium,2
1046,ESPINOSA,0.86,1.0,4,250,6,0,1,0,support,medium,2
1049,GOLDSTEIN,0.74,0.89,5,232,6,0,1,0,technical,medium,2
1050,CROWLEY,0.79,1.0,4,229,5,1,1,0,management,medium,2
1051,VOGEL,0.09,0.92,6,261,4,0,1,0,IT,medium,2
1053,PEARCE,0.09,0.78,6,244,4,0,1,0,IT,low,1
1054,HARTLEY,0.09,0.84,6,258,4,0,1,0,IT,low,1
1055,CLEVELAND,0.1,0.8,7,292,5,0,1,0,IT,low,1
1058,BRITT,0.31,0.95,6,235,5,0,1,0,product_mng,low,1
1059,WOOTEN,0.7,0.93,2,310,3,0,1,0,product_mng,low,1
1061,DILLARD,0.34,0.97,6,157,5,1,1,0,RandD,low,1
1062,CHILDERS,0.87,0.83,5,267,5,0,1,0,RandD,low,1
1063,ALFORD,0.11,0.91,6,302,4,0,1,0,RandD,low,1
1064,DODD,0.47,0.81,4,133,3,0,1,0,RandD,low,1
1068,GOLDBERG,0.74,1.0,5,223,5,0,1,0,accounting,low,1
1069,QUINTERO,0.1,0.89,6,244,4,1,1,0,support,low,1
1070,BEACH,0.78,0.87,5,243,5,0,1,0,technical,low,1
1071,ENRIQUEZ,0.9,0.95,5,275,3,0,1,0,management,low,1
1072,QUINTANA,0.53,0.95,6,205,4,0,1,0,marketing,low,1
1074,MACKEY,0.86,0.83,4,270,5,0,1,0,marketing,medium,2
1075,FINCH,0.74,0.89,4,267,5,0,1,0,sales,medium,2
1076,CRAMER,0.09,0.79,6,276,4,0,1,0,sales,medium,2
1077,MINOR,0.8,0.95,5,244,5,0,1,0,sales,medium,2
1079,FRANKS,0.86,0.95,5,269,6,0,1,0,sales,medium,2
1080,CORONA,0.86,0.95,4,238,5,0,1,0,sales,medium,2
1081,KENDALL,0.9,0.91,4,269,5,0,1,0,sales,medium,2
1082,MCCABE,0.87,0.88,5,231,6,0,1,0,sales,medium,2
1083,HENDRICKSON,0.83,0.94,4,267,5,0,1,0,sales,medium,2
1084,MOSER,0.77,0.83,4,245,5,0,1,0,sales,medium,2
1085,MCDERMOTT,0.77,1.0,4,272,5,0,1,0,sales,medium,2
1086,CAMP,0.9,0.86,5,254,5,0,1,0,sales,high,3
1087,MCLEOD,0.73,0.92,4,273,5,0,1,0,sales,low,1
1088,BERNAL,0.91,0.9,4,250,5,0,1,0,sales,medium,2
1092,TRACY,0.73,1.0,5,230,5,0,1,0,sales,low,1
1093,BACON,0.89,0.91,5,260,5,0,1,0,sales,low,1
1094,CROWE,0.11,0.77,6,275,4,0,1,0,accounting,low,1
1095,RICHTER,0.1,0.77,7,308,4,0,1,0,accounting,low,1
1100,TALLEY,0.11,0.83,6,262,4,0,1,0,hr,low,1
1101,HAINES,0.09,0.97,7,262,4,0,1,0,technical,low,1
1104,HICKEY,0.11,0.89,6,254,4,0,1,0,technical,low,1
1107,FARRIS,0.72,0.82,5,269,5,0,1,0,technical,low,1
1108,CORREA,0.1,0.91,7,297,4,0,1,0,technical,low,1
1109,TILLMAN,0.73,0.86,5,249,5,0,1,0,technical,low,1
1110,SWEET,0.09,0.82,7,267,4,0,1,0,technical,low,1
1112,ENGLAND,0.09,0.82,6,251,4,0,1,0,support,low,1
1113,HEWITT,0.1,0.87,6,306,4,0,1,0,support,medium,2
1114,BLANCO,0.11,0.86,6,279,4,0,1,0,support,medium,2
1116,PATE,0.09,0.85,6,260,4,0,1,0,support,medium,2
1117,ELDER,0.72,0.88,5,249,5,0,1,0,support,medium,2
1118,BRUNO,0.75,0.97,4,245,5,0,1,0,support,medium,2
1120,HYDE,0.11,0.91,6,278,4,0,1,0,support,medium,2
1123,CHRISTOPHER,0.1,0.9,7,301,4,0,1,0,technical,medium,2
1126,HATCHER,0.88,0.87,4,235,6,0,1,0,management,low,1
1127,SUTHERLAND,0.1,0.85,7,261,4,0,1,0,IT,medium,2
1128,FINK,0.1,0.89,5,270,4,0,1,0,IT,medium,2
1129,NOEL,0.11,0.93,6,290,4,0,1,0,IT,medium,2
1132,LEAL,0.77,0.87,4,150,4,0,1,0,product_mng,low,1
1133,JOYNER,0.91,0.94,5,218,6,0,1,0,product_mng,low,1
1135,MORIN,0.11,0.87,6,291,4,0,1,0,product_mng,low,1
1136,DELAROSA,0.86,0.91,5,265,5,0,1,0,IT,low,1
1137,CONNOR,0.87,0.88,5,262,6,0,1,0,sales,low,1
1138,HILTON,0.09,0.92,6,303,5,0,1,0,sales,low,1
1140,GILLIAM,0.82,0.83,4,245,5,1,1,0,sales,low,1
1142,WILLS,0.88,1.0,5,226,6,0,1,0,marketing,low,1
1143,JARAMILLO,0.1,0.91,6,286,4,0,1,0,marketing,low,1
1146,BRITTON,0.8,0.95,5,217,5,0,1,0,support,low,1
1147,RANKIN,0.83,0.95,5,258,5,0,1,0,technical,low,1
1149,GUY,0.77,0.92,5,255,5,0,1,0,marketing,low,1
1151,TYSON,0.79,0.96,4,234,5,0,1,0,marketing,low,1
1153,DOWNING,0.1,0.88,7,300,4,0,1,0,sales,medium,2
1155,BOGGS,0.11,0.89,6,301,4,0,1,0,sales,medium,2
1158,GODFREY,0.57,0.85,4,219,2,1,1,0,sales,medium,2
1159,MOBLEY,0.11,0.95,7,269,5,0,1,0,sales,medium,2
1160,JOHN,0.36,0.73,4,276,2,0,1,0,sales,medium,2
1161,KERN,0.11,0.94,7,302,4,0,1,0,sales,medium,2
1162,DYE,0.35,0.8,6,281,2,0,1,0,sales,medium,2
1163,HOLLIS,0.78,0.99,5,241,5,0,1,0,sales,medium,2
1164,BRAVO,0.11,0.93,7,288,4,0,1,0,sales,high,3
1165,MAGANA,0.1,0.96,6,303,4,0,1,0,sales,low,1
1168,TUTTLE,0.79,0.84,5,245,5,0,1,0,sales,medium,2
1170,ROMANO,0.09,0.91,6,248,4,0,1,0,sales,low,1
1171,TREJO,0.11,0.91,6,302,4,0,1,0,accounting,low,1
1173,KNOWLES,0.11,0.91,6,272,4,0,1,0,accounting,low,1
1174,LYON,0.09,0.8,6,294,4,0,1,0,hr,low,1
1175,SHIRLEY,0.78,0.71,4,296,3,0,1,0,hr,low,1
1177,CHILDS,0.82,0.82,4,249,5,0,1,0,hr,low,1
1178,DOLAN,0.85,0.89,4,221,5,0,1,0,technical,low,1
1180,REYNA,0.77,0.89,5,243,5,0,1,0,technical,low,1
1182,HASTINGS,0.91,0.9,4,245,5,0,1,0,technical,low,1
1183,KENNEY,0.11,0.77,6,264,4,0,1,0,technical,low,1
1186,DENTON,0.11,0.96,6,262,4,1,1,0,technical,low,1
1187,VILLALOBOS,0.1,0.93,6,299,4,0,1,0,technical,low,1
1188,PRYOR,0.09,0.8,5,279,4,0,1,0,technical,low,1
1190,DOHERTY,0.11,0.89,6,264,4,0,1,0,support,low,1
1191,HOPPER,0.09,0.77,6,256,5,0,1,0,support,medium,2
1193,WOMACK,0.73,0.97,5,217,6,0,1,0,support,medium,2
1195,VENTURA,0.8,0.85,4,264,5,0,1,0,support,medium,2
1197,MULLER,0.79,0.96,5,218,5,0,1,0,support,medium,2
1198,GALINDO,0.09,0.8,6,298,4,0,1,0,support,medium,2
1199,GRACE,0.75,0.74,6,134,3,0,1,0,support,medium,2
1200,SORENSEN,0.83,1.0,5,263,5,0,1,0,technical,medium,2
1201,COURTNEY,0.1,0.77,5,252,4,0,1,0,technical,medium,2
1203,RODRIGUES,0.42,0.97,6,259,4,0,1,0,management,high,3
1205,AHMED,0.09,0.84,7,307,4,0,1,0,IT,medium,2
1207,LANGLEY,0.81,0.98,5,237,5,0,1,0,IT,medium,2
1208,MADISON,0.1,0.79,7,284,4,0,1,0,IT,medium,2
1209,LOCKE,0.1,0.93,6,243,4,0,1,0,product_mng,low,1
1210,JAMISON,0.11,0.83,6,268,4,0,1,0,product_mng,low,1
1211,NAVA,0.09,0.77,6,244,4,0,1,0,product_mng,low,1
1212,GUSTAFSON,0.75,0.83,5,262,5,0,1,0,product_mng,low,1
1214,DEMPSEY,0.09,0.87,7,278,4,0,1,0,IT,low,1
1215,HAMM,0.74,0.97,5,238,5,0,1,0,IT,low,1
1217,MCGILL,0.76,0.95,4,259,5,0,1,0,RandD,low,1
1219,ESQUIVEL,0.75,1.0,4,243,5,0,1,0,RandD,low,1
1221,KENDRICK,0.75,0.93,5,229,5,0,1,0,sales,low,1
1223,VIGIL,0.75,0.89,4,228,5,0,1,0,support,low,1
1224,DOWNEY,0.09,0.84,6,301,4,0,1,0,technical,low,1
1228,KIRKPATRICK,0.1,0.85,7,310,5,0,1,0,marketing,low,1
1231,BURKS,0.11,0.98,6,250,4,0,1,0,sales,medium,2
1232,SHEEHAN,0.09,0.88,7,265,4,0,1,0,sales,medium,2
1237,CHENG,0.74,0.9,4,226,5,0,1,0,sales,medium,2
1238,SINCLAIR,0.66,1.0,5,269,5,0,1,0,sales,medium,2
1242,BOWLING,0.1,0.85,6,297,5,0,1,0,sales,high,3
1243,CRABTREE,0.82,0.85,4,274,5,0,1,0,sales,low,1
1244,MCNAMARA,0.1,0.77,6,280,4,0,1,0,sales,medium,2
1245,AVALOS,0.1,0.93,6,288,4,0,1,0,sales,medium,2
1247,HERRON,0.09,0.94,7,247,4,0,1,0,sales,medium,2
1249,ABRAHAM,0.1,0.82,7,284,4,0,1,0,accounting,low,1
1250,GARLAND,0.88,0.92,4,225,5,0,1,0,accounting,low,1
1253,STINSON,0.85,1.0,4,234,5,0,1,0,hr,low,1
1257,WOODRUFF,0.88,0.92,4,233,6,0,1,0,technical,low,1
1258,LAU,0.78,0.96,4,241,5,0,1,0,technical,low,1
1260,SINGER,0.09,0.95,6,260,4,1,1,0,technical,low,1
1262,ROSSI,0.11,0.84,6,252,4,0,1,0,technical,low,1
1264,OTT,0.86,0.98,4,270,5,0,1,0,technical,low,1
1265,GOSS,0.1,0.92,6,285,4,0,1,0,technical,low,1
1271,COVINGTON,0.11,0.97,6,288,4,0,1,0,support,medium,2
1273,HELLER,0.87,0.95,5,227,5,0,1,0,support,medium,2
1275,SWARTZ,0.1,0.83,6,283,5,0,1,0,support,medium,2
1277,MCCRAY,0.78,1.0,4,267,5,0,1,0,technical,medium,2
1279,ROSENBERG,0.85,0.84,5,272,6,0,1,0,technical,medium,2
1281,CLEMONS,0.75,0.88,5,270,5,0,1,0,IT,high,3
1282,BEATTY,0.81,0.81,4,218,5,1,1,0,IT,low,1
1284,HERBERT,0.83,0.83,5,260,5,0,1,0,IT,medium,2
1287,MANLEY,0.09,0.83,7,258,4,0,1,0,product_mng,low,1
1288,ZIEGLER,0.87,0.81,5,304,5,0,1,0,product_mng,low,1
1291,ROUSE,0.1,0.9,6,272,5,0,1,0,RandD,low,1
1293,MCCLELLAN,0.72,1.0,2,240,2,0,1,0,RandD,low,1
1299,ACKERMAN,0.89,0.89,5,262,5,0,1,0,accounting,low,1
1300,PADGETT,0.1,0.97,7,284,4,0,1,0,support,low,1
1302,TIPTON,0.09,0.78,7,290,4,0,1,0,management,low,1
1304,PERALTA,0.89,0.98,4,242,6,0,1,0,marketing,low,1
1305,SHAPIRO,0.62,0.77,5,227,4,0,1,0,marketing,low,1
1306,ROE,0.11,0.93,6,276,4,0,1,0,sales,low,1
1308,PLUMMER,0.09,0.94,6,266,4,0,1,0,sales,medium,2
1309,HELTON,0.56,0.75,5,236,2,0,1,0,sales,medium,2
1310,STERN,0.77,0.89,4,270,5,0,1,0,sales,medium,2
1312,STOVER,0.1,0.92,5,272,4,0,1,0,sales,medium,2
1313,FISH,0.72,0.85,5,246,5,0,1,0,sales,medium,2
1315,BACA,0.11,0.81,6,260,4,0,1,0,sales,medium,2
1316,CURRAN,0.88,1.0,5,247,5,0,1,0,sales,medium,2
1318,VERA,0.11,0.96,6,267,4,0,1,0,sales,medium,2
1320,ERVIN,0.1,0.86,6,306,4,0,1,0,sales,high,3
1321,ELDRIDGE,0.62,0.89,3,131,4,0,1,0,sales,low,1
1322,LOWRY,0.78,0.86,4,249,5,0,1,0,sales,medium,2
1324,BECERRA,0.76,0.82,4,254,5,1,1,0,sales,medium,2
1326,SEYMOUR,0.1,0.77,6,272,4,0,1,0,accounting,low,1
1328,FIELD,0.1,0.96,7,301,4,0,1,0,hr,low,1
1329,AKERS,0.1,0.81,6,252,4,0,1,0,hr,low,1
1331,BINGHAM,0.09,0.86,6,297,4,0,1,0,hr,low,1
1332,STERLING,0.1,0.8,6,248,4,0,1,0,technical,low,1
1333,GREENWOOD,0.11,0.89,7,257,4,0,1,0,technical,low,1
1335,GROVES,0.87,0.9,3,307,5,0,1,0,technical,low,1
1338,EDMONDS,0.51,0.79,4,134,3,0,1,0,technical,low,1
1339,MUNIZ,0.89,0.96,5,221,5,0,1,0,technical,low,1
1340,THOMSON,0.1,0.96,6,275,4,0,1,0,technical,low,1
1341,CROUCH,0.9,0.94,5,247,5,0,1,0,technical,low,1
1345,ALFARO,0.38,1.0,5,137,4,0,1,0,support,low,1
1346,QUICK,0.73,0.95,4,223,6,0,1,0,support,low,1
1347,GOLDMAN,0.1,0.96,6,292,4,0,1,0,support,medium,2
1348,MCELROY,0.89,0.83,5,130,4,1,1,0,support,medium,2
1349,YARBROUGH,0.87,0.85,5,221,6,0,1,0,support,medium,2
1350,FUNK,0.84,0.89,4,245,5,1,1,0,support,medium,2
1351,HONG,0.11,0.77,6,274,4,0,1,0,support,medium,2
1352,PORTILLO,0.74,1.0,5,248,5,0,1,0,support,medium,2
1353,LUND,0.79,0.97,4,243,5,0,1,0,support,medium,2
1354,NGO,0.1,0.92,7,273,4,0,1,0,technical,medium,2
1355,ELKINS,0.83,0.95,5,221,5,0,1,0,technical,medium,2
1356,STROUD,0.1,0.79,6,271,4,0,1,0,technical,medium,2
1360,ZAPATA,0.11,0.83,6,262,5,0,1,0,IT,low,1
1361,BLOOM,0.75,0.89,5,272,5,0,1,0,IT,medium,2
1365,SCHAFER,0.1,0.83,6,293,4,0,1,0,product_mng,low,1
1369,TOVAR,0.11,0.89,6,284,4,0,1,0,RandD,low,1
1370,TEAGUE,0.74,0.99,5,263,5,0,1,0,RandD,low,1
1372,BOWDEN,0.88,0.88,4,265,5,0,1,0,RandD,low,1
1374,BLANTON,0.78,0.81,4,253,5,0,1,0,marketing,low,1
1376,WHALEN,0.74,1.0,5,222,6,0,1,0,accounting,low,1
1377,PRITCHARD,0.11,0.86,6,273,4,1,1,0,support,low,1
1378,PIERRE,0.8,0.87,5,240,6,0,1,0,technical,low,1
1380,METCALF,0.87,0.92,4,253,6,0,1,0,marketing,low,1
1381,BUTTS,0.9,0.84,5,221,5,0,1,0,marketing,low,1
1382,KURTZ,0.1,0.88,6,263,4,0,1,0,marketing,low,1
1384,TOMPKINS,0.11,0.91,6,279,4,0,1,0,sales,low,1
1386,CROWDER,0.09,0.93,7,270,4,0,1,0,sales,medium,2
1390,HOSKINS,0.11,0.79,6,244,4,1,1,0,sales,medium,2
1391,HOLBROOK,0.72,1.0,4,169,3,0,1,0,sales,medium,2
1393,HORNER,0.82,0.93,4,246,5,0,1,0,sales,medium,2
1399,REECE,0.11,0.86,6,299,4,1,1,0,sales,low,1
1401,KAY,0.11,0.87,6,272,4,0,1,0,sales,medium,2
1402,HAGEN,0.84,0.86,5,240,5,0,1,0,accounting,medium,2
1403,CREWS,0.86,0.96,5,245,6,0,1,0,accounting,medium,2
1404,BOWLES,0.79,0.93,5,269,5,0,1,0,accounting,low,1
1407,DALEY,0.81,1.0,4,241,5,0,1,0,hr,low,1
1409,MCKINLEY,0.92,0.94,4,219,5,0,1,0,technical,low,1
1410,VELASCO,0.9,0.98,5,271,5,0,1,0,technical,low,1
1413,BURRELL,0.83,0.98,4,254,5,0,1,0,technical,low,1
1415,CROW,0.2,0.9,6,138,3,0,1,0,technical,low,1
1416,DEVINE,0.11,0.85,6,295,4,0,1,0,technical,low,1
1417,LARKIN,0.11,0.96,6,301,5,0,1,0,technical,low,1
1418,CHAPPELL,0.1,0.95,7,296,4,0,1,0,technical,low,1
1419,POLLOCK,0.75,0.87,5,246,5,0,1,0,technical,low,1
1421,KIMBALL,0.86,0.93,5,241,5,1,1,0,support,low,1
1422,SCHMITZ,0.1,0.82,6,269,4,0,1,0,support,low,1
1425,SELF,0.1,0.94,7,287,4,0,1,0,support,medium,2
1428,PHIPPS,0.09,0.87,6,266,4,0,1,0,support,medium,2
1429,MCMANUS,0.87,0.91,4,255,5,0,1,0,support,medium,2
1432,POE,0.91,0.99,5,265,5,1,1,0,technical,medium,2
1438,DOOLEY,0.1,0.89,7,285,4,0,1,0,IT,low,1
1439,PAYTON,0.76,0.99,4,253,5,1,1,0,IT,medium,2
1440,ROSEN,0.82,0.93,4,248,5,0,1,0,product_mng,medium,2
1441,SWENSON,0.11,0.83,7,255,5,0,1,0,product_mng,medium,2
1443,TOLBERT,0.11,0.88,7,305,4,0,1,0,product_mng,low,1
1445,ESPOSITO,0.73,0.87,5,252,5,0,1,0,RandD,low,1
1447,BIGGS,0.11,0.89,6,250,4,0,1,0,RandD,low,1
1450,DREW,0.78,0.78,4,260,5,0,1,0,RandD,low,1
1451,IVEY,0.78,0.86,5,260,6,0,1,0,marketing,low,1
1452,BULLARD,0.72,0.86,5,251,5,0,1,0,sales,low,1
1453,BAEZ,0.63,0.83,6,242,5,0,1,0,accounting,low,1
1454,NEFF,0.55,1.0,6,136,3,0,1,0,support,low,1
1457,EGAN,0.1,0.81,6,248,4,0,1,0,marketing,low,1
1464,FERREIRA,0.1,0.92,6,279,4,0,1,0,sales,medium,2
1466,LACY,0.1,0.83,6,264,4,1,1,0,sales,medium,2
1467,HURTADO,0.1,0.89,7,272,4,0,1,0,sales,medium,2
1468,HEARD,0.78,0.86,5,256,5,0,1,0,sales,medium,2
1473,FORREST,0.09,0.96,6,245,4,0,1,0,sales,medium,2
1474,GUNN,0.79,0.86,5,226,5,0,1,0,sales,medium,2
1476,SWAN,0.79,0.95,5,228,5,0,1,0,sales,high,3
1480,HAND,0.09,0.93,6,271,4,0,1,0,accounting,medium,2
1482,OTTO,0.09,0.77,6,310,4,0,1,0,hr,low,1
1483,WHALEY,0.11,0.87,6,254,4,0,1,0,hr,low,1
1485,CLIFFORD,0.11,0.88,7,253,4,0,1,0,hr,low,1
1486,GROVE,0.11,0.97,6,260,4,0,1,0,technical,low,1
1488,SILVER,0.1,0.96,7,288,4,0,1,0,technical,low,1
1494,COLVIN,0.17,0.75,3,188,4,0,1,0,technical,low,1
1495,OLEARY,0.79,0.84,5,247,5,0,1,0,technical,low,1
1496,MILLIGAN,0.1,0.85,7,259,4,0,1,0,technical,low,1
1500,KAUR,0.11,0.83,6,253,4,0,1,0,support,low,1
1502,GEIGER,0.1,0.83,5,271,5,0,1,0,support,low,1
1504,WINKLER,0.86,0.91,5,245,5,0,1,0,support,medium,2
1508,BILLINGS,0.88,0.88,5,248,5,0,1,0,technical,medium,2
1510,LILLY,0.87,1.0,4,224,5,0,1,0,technical,medium,2
1513,SIEGEL,0.84,0.93,4,250,5,0,1,0,IT,medium,2
1515,BOWER,0.72,0.99,5,257,5,0,1,0,IT,high,3
1518,AGUILERA,0.89,0.98,5,274,5,0,1,0,product_mng,medium,2
1522,COATES,0.1,0.82,7,265,4,0,1,0,RandD,low,1
1524,REGAN,0.74,0.86,5,262,5,0,1,0,RandD,low,1
1525,RAMEY,0.1,0.8,6,261,4,0,1,0,RandD,low,1
1526,KOENIG,0.82,0.9,5,248,5,0,1,0,RandD,low,1
1530,ENGEL,0.83,0.98,4,249,5,0,1,0,support,low,1
1532,STEWARD,0.75,0.98,4,245,5,0,1,0,management,low,1
1534,VICKERS,0.1,0.94,6,297,5,0,1,0,marketing,low,1
1536,PIPER,0.09,0.84,7,260,4,0,1,0,sales,low,1
1539,HEALY,0.83,0.92,4,235,5,0,1,0,sales,low,1
1543,COLBERT,0.77,0.81,5,237,5,0,1,0,sales,medium,2
1544,ZEPEDA,0.81,0.95,4,275,5,0,1,0,sales,medium,2
1545,HOANG,0.1,0.78,6,310,4,0,1,0,sales,medium,2
1546,DUGAN,0.73,0.84,5,251,6,0,1,0,sales,medium,2
1547,MEADE,0.09,0.83,6,250,4,0,1,0,sales,medium,2
1548,KILGORE,0.9,0.99,4,259,6,0,1,0,sales,medium,2
1549,GUILLEN,0.88,1.0,4,259,5,0,1,0,sales,medium,2
1550,DO,0.09,0.87,7,305,4,0,1,0,sales,medium,2
1553,ARRINGTON,0.82,0.82,5,220,6,0,1,0,sales,medium,2
1554,GARY,0.9,0.83,4,266,5,0,1,0,sales,high,3
1555,SNELL,0.83,0.92,4,255,5,0,1,0,accounting,low,1
1557,RENTERIA,0.5,0.85,4,138,3,0,1,0,accounting,medium,2
1559,GALLO,0.77,0.82,4,217,5,0,1,0,hr,medium,2
1560,HANKINS,0.09,0.83,6,286,4,0,1,0,hr,low,1
1561,MONTANO,0.11,0.88,6,290,4,0,1,0,hr,low,1
1564,OHARA,0.12,0.8,5,136,2,0,1,0,technical,low,1
1565,CORNELL,0.1,0.86,7,261,5,0,1,0,technical,low,1
1566,SHERWOOD,0.1,0.96,6,274,4,0,1,0,technical,low,1
1571,LATHAM,0.74,0.96,4,231,5,0,1,0,technical,low,1
1573,GREENBERG,0.11,0.9,5,307,4,0,1,0,support,low,1
1575,WADDELL,0.8,0.83,5,275,5,0,1,0,support,low,1
1576,DUKES,0.6,0.85,3,250,2,0,1,0,support,low,1
1578,BUI,0.1,0.96,6,310,5,0,1,0,support,low,1
1579,MADRID,0.65,0.86,2,181,2,0,1,0,support,low,1
1580,ALONSO,0.49,0.73,4,244,3,0,1,0,support,low,1
1581,SHEETS,0.73,0.96,5,256,6,1,1,0,support,medium,2
1582,IRVIN,0.11,0.8,6,259,5,0,1,0,support,medium,2
1583,HURT,0.73,0.91,4,247,5,0,1,0,support,medium,2
1585,SEWELL,0.73,0.93,5,229,5,0,1,0,technical,medium,2
1586,CARLTON,0.76,0.85,5,236,6,0,1,0,technical,medium,2
1587,ARAGON,0.09,0.96,6,281,4,0,1,0,management,medium,2
1588,BLACKMON,0.9,0.81,5,264,5,0,1,0,IT,medium,2
1589,HADLEY,0.1,0.81,6,308,4,0,1,0,IT,medium,2
1593,LAND,0.1,0.87,6,307,4,0,1,0,product_mng,high,3
1597,DOSS,0.83,0.95,5,230,5,0,1,0,IT,medium,2
1598,DAHL,0.83,0.94,5,273,5,0,1,0,RandD,medium,2
1600,STANFORD,0.11,0.93,7,296,4,0,1,0,RandD,low,1
1604,WINSTON,0.87,0.94,5,219,5,0,1,0,marketing,low,1
1607,CORONADO,0.83,0.88,5,239,5,0,1,0,support,low,1
1608,ASH,0.11,0.87,6,278,5,0,1,0,technical,low,1
1609,JARRETT,0.85,1.0,6,260,3,1,1,0,management,low,1
1610,SAMUELS,0.89,0.97,4,264,5,0,1,0,marketing,low,1
1611,HAGER,0.09,0.92,7,301,4,0,1,0,marketing,low,1
1615,MAURER,0.1,0.93,6,307,4,0,1,0,sales,low,1
1617,VOSS,0.76,0.98,4,237,5,0,1,0,sales,low,1
1618,HENLEY,0.88,0.89,4,254,5,0,1,0,sales,low,1
1621,COULTER,0.91,0.95,5,241,5,0,1,0,sales,medium,2
1622,NORTH,0.86,0.85,5,267,5,0,1,0,sales,medium,2
1624,LANIER,0.89,1.0,4,217,5,0,1,0,sales,medium,2
1625,CAHILL,0.11,0.86,6,254,4,0,1,0,sales,medium,2
1626,SOUZA,0.1,0.87,6,265,5,0,1,0,sales,medium,2
1629,URBAN,0.86,0.97,5,269,5,0,1,0,sales,medium,2
1630,SCHAFFER,0.1,0.86,6,288,4,0,1,0,sales,medium,2
1631,HOUSER,0.1,0.85,6,283,4,0,1,0,sales,medium,2
1637,BOLDEN,0.09,0.91,6,275,4,0,1,0,hr,medium,2
1640,ROOT,0.91,0.89,5,217,5,0,1,0,technical,low,1
1642,HAGAN,0.11,0.78,6,247,4,0,1,0,technical,low,1
1643,CRUMP,0.09,0.83,6,295,5,0,1,0,technical,low,1
1644,GUIDRY,0.83,1.0,5,224,5,0,1,0,technical,low,1
1645,BRANTLEY,0.11,0.78,6,281,4,0,1,0,technical,low,1
1646,KEARNEY,0.1,0.93,7,258,4,0,1,0,technical,low,1
1648,TOTH,0.1,0.97,7,282,4,0,1,0,technical,low,1
1650,TIMMONS,0.77,0.98,4,238,6,0,1,0,support,low,1
1651,MILTON,0.11,0.85,7,244,4,0,1,0,support,low,1
1652,TRIPP,0.87,0.97,5,250,6,0,1,0,support,low,1
1653,HURD,0.1,0.88,7,282,4,0,1,0,support,low,1
1654,SAPP,0.1,0.89,7,253,4,0,1,0,support,low,1
1655,WHITMAN,0.09,0.9,6,256,4,0,1,0,support,low,1
1656,MESSER,0.84,0.85,5,260,5,0,1,0,support,low,1
1657,BURGOS,0.11,0.86,6,245,4,0,1,0,support,low,1
1658,MAJOR,0.81,0.97,5,230,5,0,1,0,support,low,1
1659,WESTBROOK,0.77,0.85,5,276,5,0,1,0,support,medium,2
1662,CARLISLE,0.81,0.83,5,269,6,0,1,0,technical,medium,2
1664,CULLEN,0.1,0.96,6,264,4,0,1,0,management,medium,2
1668,POSEY,0.82,0.94,5,232,5,1,1,0,IT,medium,2
1672,EUBANKS,0.84,0.83,4,239,5,0,1,0,product_mng,low,1
1673,SIZEMORE,0.86,1.0,4,232,5,0,1,0,product_mng,medium,2
1674,HILLIARD,0.56,0.86,5,252,2,0,1,0,IT,medium,2
1675,HARGROVE,0.09,0.93,6,255,4,0,1,0,RandD,medium,2
1676,BOUCHER,0.1,0.81,7,270,4,0,1,0,RandD,medium,2
1678,MELVIN,0.75,0.89,5,276,5,0,1,0,RandD,low,1
1680,BARNARD,0.09,0.96,7,274,5,0,1,0,marketing,low,1
1681,FONSECA,0.83,0.94,4,264,5,0,1,0,sales,low,1
1682,PEDERSEN,0.59,1.0,3,156,4,0,1,0,accounting,low,1
1685,HOLLIDAY,0.76,0.98,5,242,5,0,1,0,management,low,1
1686,YEE,0.22,0.86,4,293,3,0,1,0,marketing,low,1
1694,LOCKWOOD,0.1,0.87,6,248,4,0,1,0,sales,low,1
1695,CABRAL,0.78,0.96,5,272,5,0,1,0,sales,low,1
1697,DUVALL,0.1,0.87,7,299,4,0,1,0,sales,low,1
1698,CORNELIUS,0.1,0.8,6,292,4,0,1,0,sales,medium,2
1701,MCNEAL,0.09,0.77,6,282,5,0,1,0,sales,medium,2
1703,ANGEL,0.73,0.99,6,206,5,0,1,0,sales,medium,2
1705,HINSON,0.1,0.91,6,255,4,0,1,0,sales,medium,2
1708,FARR,0.79,0.96,4,257,5,0,1,0,accounting,medium,2
1709,EDDY,0.1,0.81,6,269,4,0,1,0,accounting,medium,2
1710,SAMUEL,0.11,0.97,6,254,4,0,1,0,accounting,high,3
1713,BETTS,0.63,0.93,5,163,3,0,1,0,hr,medium,2
1716,HANNAH,0.1,0.9,6,301,5,0,1,0,technical,low,1
1717,HANLEY,0.11,0.96,6,310,4,0,1,0,technical,low,1
1719,FOUNTAIN,0.77,0.96,5,249,6,0,1,0,technical,low,1
1720,LEVIN,0.91,1.0,4,251,6,0,1,0,technical,low,1
1722,HIGHTOWER,0.81,0.93,5,265,6,0,1,0,technical,low,1
1723,MURDOCK,0.11,0.87,6,280,4,0,1,0,technical,low,1
1724,KOEHLER,0.92,0.89,4,241,5,0,1,0,technical,low,1
1725,MA,0.1,0.86,5,253,4,0,1,0,technical,low,1
1727,SMILEY,0.11,0.94,6,266,4,0,1,0,support,low,1
1729,SHEFFIELD,0.86,0.95,4,270,5,0,1,0,support,low,1
1732,YOST,0.84,0.97,5,256,5,0,1,0,support,low,1
1734,STORY,0.11,0.88,7,275,4,0,1,0,support,low,1
1736,LUJAN,0.11,0.96,7,244,4,0,1,0,support,low,1
1737,BLOUNT,0.1,0.83,6,271,4,0,1,0,technical,medium,2
1738,RUSHING,0.86,0.88,5,268,5,0,1,0,technical,medium,2
1739,CODY,0.91,1.0,4,253,5,1,1,0,technical,medium,2
1742,JACOBSEN,0.1,0.89,6,259,5,0,1,0,IT,medium,2
1745,LAYTON,0.09,0.78,6,260,4,0,1,0,IT,medium,2
1746,EPPS,0.11,0.89,6,272,4,0,1,0,product_mng,medium,2
1748,LEYVA,0.89,0.96,4,219,6,0,1,0,product_mng,medium,2
1749,REEDER,0.09,0.91,6,243,4,0,1,0,product_mng,high,3
1750,BRAND,0.88,0.97,4,255,5,1,1,0,IT,low,1
1751,ROLAND,0.11,0.9,7,245,4,0,1,0,RandD,medium,2
1752,FITCH,0.1,0.95,6,264,5,0,1,0,RandD,medium,2
1753,RICO,0.91,1.0,4,245,6,0,1,0,RandD,medium,2
1755,CRONIN,0.63,0.76,2,157,4,0,1,0,RandD,low,1
1756,MCQUEEN,0.1,0.87,7,247,4,0,1,0,marketing,low,1
1759,CHRISTIANSEN,0.73,1.0,5,253,6,0,1,0,support,low,1
1761,PETTIT,0.09,0.85,7,307,4,0,1,0,management,low,1
1762,LANGFORD,0.41,0.71,3,205,4,0,1,0,marketing,low,1
1763,BENAVIDES,0.72,1.0,5,234,5,0,1,0,marketing,low,1
1765,PAIGE,0.9,1.0,4,229,5,0,1,0,sales,low,1
1767,DIETZ,0.78,0.95,4,260,5,0,1,0,sales,low,1
1770,LOUIS,0.84,1.0,5,250,5,0,1,0,sales,low,1
1771,PACK,0.09,0.86,6,245,4,0,1,0,sales,low,1
1772,DIEHL,0.83,0.93,4,269,5,0,1,0,sales,low,1
1773,SPAULDING,0.11,0.87,6,273,4,0,1,0,sales,low,1
1775,AVILES,0.09,0.93,6,273,5,0,1,0,sales,low,1
1778,ROCK,0.85,0.9,2,168,2,0,1,0,sales,medium,2
1780,AQUINO,0.76,0.84,5,227,5,1,1,0,sales,medium,2
1782,OGDEN,0.73,1.0,4,268,5,0,1,0,sales,medium,2
1785,GILLIS,0.09,0.96,7,264,4,0,1,0,accounting,medium,2
1791,LANDIS,0.09,0.92,7,245,4,0,1,0,technical,medium,2
1795,PRITCHETT,0.85,0.96,4,217,5,0,1,0,technical,low,1
1796,GASTON,0.88,0.91,4,234,6,0,1,0,technical,low,1
1798,CAUDILL,0.11,0.92,7,265,4,0,1,0,technical,low,1
1800,BATEMAN,0.09,0.78,6,263,4,0,1,0,technical,low,1
1801,LANDERS,0.11,0.79,6,264,4,0,1,0,technical,low,1
1802,GIPSON,0.11,0.88,6,253,4,0,1,0,support,low,1
1805,MCNEILL,0.1,0.87,6,254,5,0,1,0,support,low,1
1807,MIMS,0.11,0.94,7,280,5,0,1,0,support,low,1
1809,GOLD,0.72,0.95,5,271,5,0,1,0,support,low,1
1813,DICKENS,0.1,0.81,6,271,4,0,1,0,technical,low,1
1814,LEUNG,0.83,0.93,5,257,5,0,1,0,technical,low,1
1815,TOBIN,0.11,0.8,7,305,4,0,1,0,technical,medium,2
1818,COPE,0.83,1.0,5,269,5,0,1,0,IT,medium,2
1819,QUEZADA,0.11,0.82,7,285,4,0,1,0,IT,medium,2
1821,OVERTON,0.11,0.88,6,294,4,0,1,0,IT,medium,2
1823,STALEY,0.1,0.89,6,280,4,0,1,0,product_mng,medium,2
1825,HATHAWAY,0.82,0.91,5,276,6,0,1,0,product_mng,medium,2
1826,OSORIO,0.1,0.86,6,247,4,0,1,0,IT,medium,2
1827,LAIRD,0.1,0.95,5,286,4,0,1,0,RandD,high,3
1828,DOBBS,0.3,0.89,5,257,5,0,1,0,RandD,low,1
1829,CAPPS,0.1,0.93,6,258,4,0,1,0,RandD,medium,2
1832,FRANCISCO,0.82,0.92,4,252,5,0,1,0,marketing,medium,2
1833,BERNSTEIN,0.1,0.85,6,266,4,0,1,0,sales,low,1
1834,ADAIR,0.09,0.9,6,295,4,0,1,0,accounting,low,1
1835,HUTTON,0.54,0.83,6,165,6,0,1,0,support,low,1
1837,RHOADES,0.1,0.79,6,275,4,0,1,0,management,low,1
1838,YANEZ,0.1,0.9,6,299,4,0,1,0,marketing,low,1
1840,BLEDSOE,0.1,0.97,7,306,4,0,1,0,marketing,low,1
1841,MCCAIN,0.84,1.0,5,242,5,0,1,0,sales,low,1
1847,DOTY,0.09,0.84,6,269,4,0,1,0,sales,low,1
1848,DARLING,0.78,0.86,5,274,5,0,1,0,sales,low,1
1855,WILKES,0.85,0.87,5,246,5,1,1,0,sales,medium,2
1856,HUMPHRIES,0.11,0.92,6,281,4,0,1,0,sales,medium,2
1857,PAZ,0.11,0.9,6,253,4,0,1,0,sales,medium,2
1860,KYLE,0.75,1.0,5,223,6,0,1,0,accounting,medium,2
1861,LACKEY,0.11,0.92,6,269,4,0,1,0,accounting,medium,2
1862,VOGT,0.1,0.9,7,269,4,0,1,0,accounting,medium,2
1863,LOCKLEAR,0.1,0.81,7,244,5,0,1,0,hr,medium,2
1865,PRESLEY,0.11,0.93,5,140,5,0,1,0,hr,medium,2
1869,FAIR,0.11,0.77,6,247,4,0,1,0,technical,medium,2
1870,MCCLENDON,0.79,0.93,5,268,5,0,1,0,technical,medium,2
1871,CORLEY,0.8,0.9,5,267,5,0,1,0,technical,medium,2
1872,PRADO,0.1,0.87,7,251,5,0,1,0,technical,low,1
1873,CHRISTIE,0.09,0.93,6,279,4,0,1,0,technical,low,1
1874,DELONG,0.7,0.84,6,161,4,0,1,0,technical,low,1
1875,SKAGGS,0.72,0.84,4,256,5,0,1,0,technical,low,1
1876,DILL,0.11,0.8,6,304,4,0,1,0,technical,low,1
1880,FLAHERTY,0.76,0.87,5,262,5,0,1,0,support,low,1
1882,PINTO,0.09,0.89,6,282,4,0,1,0,support,low,1
1884,HAYWOOD,0.87,0.91,5,228,5,0,1,0,support,low,1
1885,TONEY,0.1,0.86,6,283,4,0,1,0,support,low,1
1886,RICKS,0.11,0.86,6,286,4,0,1,0,support,low,1
1888,CRUM,0.1,0.81,6,245,4,0,1,0,support,low,1
1889,TRIPLETT,0.11,0.95,6,279,4,0,1,0,technical,low,1
1890,SORIANO,0.85,0.87,5,245,5,0,1,0,technical,low,1
1893,ANAYA,0.1,0.83,7,302,5,0,1,0,IT,medium,2
1894,CRENSHAW,0.11,0.89,6,268,4,0,1,0,IT,medium,2
1895,JUNG,0.87,0.88,5,240,5,0,1,0,IT,medium,2
1897,CAGLE,0.1,0.94,7,264,4,0,1,0,IT,medium,2
1900,BERMAN,0.76,0.98,5,217,6,0,1,0,product_mng,medium,2
1902,OCAMPO,0.9,0.92,4,271,5,0,1,0,IT,medium,2
1903,BAUMAN,0.85,0.87,4,273,5,0,1,0,RandD,medium,2
1904,CORCORAN,0.1,0.78,5,285,4,1,1,0,RandD,medium,2
1907,FRIEND,0.81,0.92,5,239,5,0,1,0,RandD,medium,2
1908,ORNELAS,0.83,0.85,5,237,5,0,1,0,marketing,medium,2
1909,VARNER,0.14,0.75,4,277,5,1,1,0,sales,medium,2
1910,VERNON,0.1,0.84,5,303,5,0,1,0,accounting,medium,2
1911,PELLETIER,0.91,0.98,4,242,6,0,1,0,support,low,1
1919,MCRAE,0.72,0.94,4,258,5,0,1,0,sales,low,1
1921,CALVERT,0.82,0.94,5,236,5,0,1,0,sales,low,1
1923,WHITTINGTON,0.59,1.0,2,155,5,0,1,0,sales,low,1
1924,KEENE,0.82,0.86,5,257,5,0,1,0,sales,low,1
1925,ECKERT,0.73,0.97,6,189,2,0,1,0,sales,low,1
1927,HANKS,0.09,0.95,6,271,4,0,1,0,sales,low,1
1928,KIMBLE,0.1,0.97,6,280,4,0,1,0,sales,low,1
1930,RUSS,0.83,0.81,5,219,5,0,1,0,sales,low,1
1934,BUSCH,0.78,0.93,4,225,5,0,1,0,sales,medium,2
1936,DRUMMOND,0.11,0.97,6,310,4,0,1,0,accounting,medium,2
1939,LUKE,0.1,0.79,7,310,4,0,1,0,hr,medium,2
1941,GRECO,0.81,0.85,4,251,6,0,1,0,hr,medium,2
1943,MALLORY,0.09,0.93,6,296,4,0,1,0,technical,medium,2
1944,MCLAIN,0.76,0.89,5,238,5,0,1,0,technical,high,3
1945,BURROWS,0.73,0.93,5,162,4,0,1,0,technical,low,1
1947,ALLRED,0.72,0.84,5,257,5,0,1,0,technical,medium,2
1949,FINNEY,0.91,0.99,5,254,5,0,1,0,technical,medium,2
1950,WELLER,0.85,0.85,4,247,6,0,1,0,technical,low,1
1954,COON,0.89,0.88,5,228,5,1,1,0,support,low,1
1955,ROSENTHAL,0.09,0.81,6,257,4,0,1,0,support,low,1
1957,SOLANO,0.76,0.83,6,293,6,0,1,0,support,low,1
1961,SONG,0.11,0.96,6,280,4,0,1,0,support,low,1
1963,BENEDICT,0.09,0.89,7,310,4,0,1,0,support,low,1
1964,BAIN,0.88,0.86,5,258,5,0,1,0,support,low,1
1965,OKEEFE,0.84,0.94,5,262,5,0,1,0,technical,low,1
1966,HIDALGO,0.1,0.98,6,265,4,0,1,0,technical,low,1
1968,MATOS,0.84,0.91,5,232,6,0,1,0,management,low,1
1970,GAMEZ,0.53,0.76,5,132,6,0,1,0,IT,low,1
1979,BAGLEY,0.92,0.82,5,265,5,0,1,0,RandD,medium,2
1980,READ,0.1,0.79,6,301,5,0,1,0,RandD,medium,2
1981,MOSELEY,0.76,1.0,4,220,6,0,1,0,RandD,medium,2
1982,LUNSFORD,0.11,0.79,6,247,4,0,1,0,RandD,medium,2
1985,GRANGER,0.11,0.84,7,310,4,0,1,0,sales,medium,2
1986,SHAVER,0.84,0.82,5,240,5,0,1,0,accounting,medium,2
1987,HOPE,0.84,0.84,5,238,5,0,1,0,support,medium,2
1989,BURROUGHS,0.66,0.91,5,248,4,0,1,0,management,low,1
1996,DUMAS,0.11,0.92,7,293,4,0,1,0,sales,low,1
1998,STRINGER,0.84,0.96,4,247,5,0,1,0,sales,low,1
12001,COOMES,0.8,0.86,5,262,6,0,1,0,sales,medium,2
12002,BEVILACQUA,0.11,0.88,7,272,4,0,1,0,sales,medium,2
12003,SCHILLINGER,0.72,0.87,5,223,5,0,1,0,sales,low,1
12006,CRANMER,0.1,0.77,6,247,4,0,1,0,sales,low,1
12007,AVIS,0.92,0.85,5,259,5,0,1,0,sales,low,1
12008,WIDMAN,0.89,1.0,5,224,5,0,1,0,sales,low,1
12011,GETCHELL,0.11,0.81,6,305,4,0,1,0,sales,low,1
12012,BUZZELL,0.84,0.92,4,234,5,0,1,0,sales,low,1
12017,SIDERS,0.78,0.99,4,255,6,0,1,0,sales,low,1
12019,FUSELIER,0.76,0.89,5,262,5,0,1,0,sales,low,1
12020,ELSNER,0.11,0.83,6,282,4,0,1,0,sales,low,1
12022,SCHEIDT,0.09,0.95,6,304,4,0,1,0,sales,low,1
12025,HIGHLAND,0.89,0.92,5,242,5,0,1,0,sales,low,1
12026,BUFFORD,0.82,0.87,4,239,5,0,1,0,sales,low,1
12034,GLOWACKI,0.84,0.87,4,246,6,0,1,0,hr,low,1
12035,DOWLER,0.1,0.94,6,255,4,0,1,0,technical,low,1
12038,MILO,0.11,0.89,6,306,4,0,1,0,technical,low,1
12040,LAVALLE,0.87,0.88,5,269,5,0,1,0,technical,low,1
12043,PLOTKIN,0.1,0.8,7,281,4,0,1,0,technical,low,1
12044,KNOBLOCH,0.09,0.89,6,276,4,0,1,0,technical,low,1
12045,GENTLE,0.84,0.74,3,182,4,0,1,0,technical,low,1
12050,CEASAR,0.13,0.78,6,152,2,0,1,0,support,low,1
12054,MOSQUERA,0.1,0.92,7,307,4,0,1,0,support,low,1
12056,AYOUB,0.11,0.94,7,255,4,0,1,0,support,low,1
12057,SPADE,0.1,0.81,6,309,4,0,1,0,technical,low,1
12059,GHOLSON,0.85,1.0,4,225,5,0,1,0,technical,low,1
12060,FORSHEE,0.85,0.91,5,226,5,0,1,0,management,medium,2
12061,CLIFF,0.11,0.93,7,308,4,0,1,0,IT,medium,2
12062,LOCKMAN,0.1,0.95,6,244,5,0,1,0,IT,medium,2
12064,MORONES,0.11,0.94,6,286,4,0,1,0,IT,medium,2
12067,DUROCHER,0.9,0.98,4,264,6,0,1,0,product_mng,medium,2
12068,BISSETT,0.76,0.86,5,223,5,1,1,0,product_mng,medium,2
12070,SULTAN,0.74,0.99,2,277,3,0,1,0,IT,medium,2
12071,SCHACHT,0.09,0.77,5,275,4,0,1,0,product_mng,medium,2
12073,RALL,0.09,0.87,7,295,4,0,1,0,product_mng,low,1
12074,BRAGGS,0.11,0.97,6,277,4,0,1,0,product_mng,medium,2
12075,BOES,0.11,0.79,7,306,4,0,1,0,product_mng,medium,2
12076,BETHKE,0.1,0.83,6,295,4,0,1,0,product_mng,medium,2
12083,WIGGINTON,0.84,0.85,4,249,6,0,1,0,marketing,low,1
12084,STHILAIRE,0.11,0.77,6,291,4,0,1,0,marketing,low,1
12085,LOVETTE,0.11,0.87,6,305,4,0,1,0,marketing,low,1
12086,DEDRICK,0.17,0.84,5,232,3,0,1,0,sales,low,1
12089,LOCH,0.1,0.79,6,291,4,0,1,0,sales,low,1
12091,ANCHONDO,0.89,1.0,5,246,5,0,1,0,sales,low,1
12094,HUNSICKER,0.09,0.83,6,255,4,0,1,0,sales,low,1
12096,PRIVETTE,0.1,0.77,6,265,4,0,1,0,sales,low,1
12097,PENNA,0.1,0.84,6,279,4,0,1,0,sales,low,1
12098,GAYTON,0.11,0.97,6,284,4,0,1,0,sales,low,1
12099,WINK,0.9,1.0,5,221,6,0,1,0,sales,medium,2
12103,MERLINO,0.09,0.94,7,267,4,0,1,0,sales,medium,2
12106,THORESON,0.91,1.0,4,257,5,0,1,0,accounting,medium,2
12108,KLEINER,0.71,0.87,3,177,4,0,1,0,hr,medium,2
12111,VANSLYKE,0.09,0.85,6,289,4,0,1,0,hr,high,3
12113,RAUSCHER,0.9,0.96,4,258,5,0,1,0,technical,medium,2
12114,MO,0.84,1.0,5,234,5,0,1,0,technical,medium,2
12117,HAMMERS,0.11,0.84,6,251,4,0,1,0,technical,low,1
12122,SINHA,0.75,1.0,4,216,6,0,1,0,technical,low,1
12123,ECKHOFF,0.11,0.84,6,300,5,1,1,0,support,low,1
12125,BECERRIL,0.11,0.92,6,260,4,0,1,0,support,low,1
12127,GERMANN,0.7,0.89,3,183,5,0,1,0,support,low,1
12128,GALLMAN,0.09,0.82,6,250,4,0,1,0,support,low,1
12130,CURLEE,0.1,0.83,6,292,4,0,1,0,support,low,1
12132,VANALLEN,0.9,1.0,5,221,5,0,1,0,support,low,1
12135,BISSONNETTE,0.31,0.84,7,133,5,0,1,0,technical,low,1
12136,TANGUAY,0.1,0.84,6,283,4,1,1,0,technical,low,1
12138,SMOTHERMAN,0.74,1.0,4,249,5,0,1,0,IT,low,1
12139,MACLIN,0.73,0.87,5,257,5,0,1,0,IT,low,1
12140,LOVINS,0.09,0.96,6,245,4,0,1,0,IT,low,1
12142,CUTTS,0.11,0.8,6,256,4,0,1,0,IT,low,1
12144,HACKBARTH,0.84,0.99,4,267,5,0,1,0,product_mng,low,1
12146,RAINVILLE,0.76,0.92,4,239,5,0,1,0,product_mng,low,1
12147,CRICK,0.11,0.87,6,306,4,0,1,0,IT,low,1
12148,STEFANSKI,0.84,0.88,4,263,5,1,1,0,marketing,low,1
12150,FRIDLEY,0.11,0.91,6,278,4,0,1,0,marketing,low,1
12155,ANDES,0.11,0.8,6,304,4,0,1,0,accounting,low,1
12156,VALLEE,0.83,1.0,5,240,5,0,1,0,support,low,1
12157,ROCHON,0.11,0.92,6,305,4,0,1,0,technical,low,1
12160,BLOUIN,0.1,0.95,7,301,4,0,1,0,marketing,low,1
12161,WILBOURN,0.9,0.98,5,243,6,0,1,0,marketing,low,1
12163,RIEDER,0.79,0.89,5,239,5,0,1,0,sales,low,1
12164,LAMONICA,0.9,0.99,5,260,5,0,1,0,sales,low,1
12165,DROUIN,0.11,0.84,7,296,4,0,1,0,sales,low,1
12170,LANDY,0.81,0.99,4,259,5,0,1,0,sales,low,1
12172,CHACKO,0.11,0.78,7,278,4,0,1,0,sales,low,1
12173,BLOWERS,0.1,0.88,6,284,4,0,1,0,sales,low,1
12175,SWINEY,0.54,0.74,4,164,2,0,1,0,sales,low,1
12179,DOMAN,0.11,0.85,6,308,5,0,1,0,sales,medium,2
12181,WIENS,0.1,0.84,6,261,4,0,1,0,accounting,medium,2
12182,SPINK,0.89,0.99,5,257,5,0,1,0,accounting,medium,2
12183,RAIMONDI,0.11,0.8,6,285,4,0,1,0,accounting,medium,2
12186,EMOND,0.09,0.85,6,297,4,0,1,0,hr,medium,2
12190,GABRIELSON,0.09,0.8,7,283,5,0,1,0,technical,low,1
12191,COLQUITT,0.92,0.87,4,226,6,1,1,0,technical,medium,2
12192,MCCARVER,0.74,0.91,4,232,5,0,1,0,technical,medium,2
12193,GRANVILLE,0.09,0.82,6,249,4,0,1,0,technical,medium,2
12194,FRANCES,0.89,0.95,4,275,5,0,1,0,technical,medium,2
12195,COSTIGAN,0.09,0.8,6,304,4,0,1,0,technical,low,1
12197,PREUSS,0.1,0.91,6,287,4,0,1,0,technical,low,1
12198,MOSCA,0.1,0.89,7,285,4,0,1,0,technical,low,1
12199,LENTINI,0.77,0.94,5,226,6,0,1,0,support,low,1
12200,CONNALLY,0.9,0.82,5,259,5,0,1,0,support,low,1
12202,LAPLANT,0.76,1.0,5,219,5,0,1,0,support,low,1
12203,LAGO,0.1,0.93,6,256,4,0,1,0,support,low,1
12204,FREI,0.87,0.9,5,254,6,0,1,0,support,low,1
12206,TRUMBULL,0.77,0.99,5,228,5,0,1,0,support,low,1
12207,SHAEFFER,0.78,0.87,4,228,5,0,1,0,support,low,1
12212,ZEHNER,0.88,1.0,5,219,5,0,1,0,technical,low,1
12217,VISCONTI,0.9,0.98,5,245,5,0,1,0,IT,low,1
12219,BEAUPRE,0.89,0.87,5,225,5,0,1,0,product_mng,low,1
12220,ROBICHAUX,0.1,0.84,6,286,4,0,1,0,product_mng,low,1
12223,MOAK,0.87,0.9,5,252,5,0,1,0,IT,low,1
12225,HEFFRON,0.9,0.97,4,258,5,0,1,0,accounting,low,1
12228,COPPAGE,0.85,0.95,5,236,5,0,1,0,hr,low,1
12229,BOURLAND,0.78,0.98,5,239,6,0,1,0,marketing,low,1
12231,KIMBERLIN,0.92,0.99,5,255,6,0,1,0,sales,low,1
12232,ROESSLER,0.11,0.83,6,244,4,0,1,0,accounting,low,1
12235,BRENEMAN,0.83,0.85,4,255,5,0,1,0,management,low,1
12239,ALLEE,0.1,0.97,7,254,4,0,1,0,sales,low,1
12240,REN,0.1,0.87,7,289,4,0,1,0,sales,low,1
12244,LAMPMAN,0.89,0.86,5,275,5,0,1,0,sales,low,1
12248,GORDAN,0.87,0.91,4,228,5,0,1,0,sales,low,1
12249,ELMS,0.11,0.84,6,298,4,0,1,0,sales,low,1
12250,CORTINA,0.79,0.87,5,261,5,0,1,0,sales,low,1
12251,VANARSDALE,0.79,0.92,5,254,6,0,1,0,sales,low,1
12253,RABAGO,0.87,0.98,4,248,5,0,1,0,sales,low,1
12254,PECORA,0.6,0.92,2,258,5,0,1,0,sales,low,1
12256,SEMPLE,0.11,0.81,6,266,4,1,1,0,sales,medium,2
12258,DEWEES,0.88,0.88,5,232,5,1,1,0,accounting,medium,2
12259,HOWEY,0.11,0.84,6,287,4,0,1,0,accounting,medium,2
12261,VANDERHOOF,0.82,0.97,5,263,5,0,1,0,hr,medium,2
12263,HAGEMANN,0.11,0.78,6,260,4,0,1,0,hr,medium,2
12265,OHLER,0.84,0.93,4,251,5,0,1,0,technical,medium,2
12266,MAZZONE,0.11,0.95,6,286,4,0,1,0,technical,medium,2
12269,BOUTON,0.38,0.86,6,139,6,0,1,0,technical,medium,2
12271,ARNOTT,0.11,0.84,6,251,4,0,1,0,technical,medium,2
12272,TAVERA,0.81,0.93,5,270,5,0,1,0,technical,medium,2
12273,STAGNER,0.09,0.96,6,296,4,0,1,0,technical,low,1
12274,POORMAN,0.11,0.9,6,254,4,0,1,0,technical,low,1
12275,BUCH,0.81,0.95,5,238,6,0,1,0,technical,low,1
12276,RANGER,0.1,0.97,6,267,4,1,1,0,support,low,1
12277,MCCULLAR,0.74,0.89,5,229,6,0,1,0,support,low,1
12278,MANGANO,0.09,0.78,6,254,4,0,1,0,support,low,1
12279,GERSON,0.82,0.81,4,233,4,1,1,0,support,low,1
12280,BONAR,0.1,0.98,6,268,4,0,1,0,support,low,1
12282,TURCO,0.83,0.92,5,267,6,0,1,0,support,low,1
12283,LICHTENSTEIN,0.1,0.93,6,289,4,1,1,0,support,low,1
12286,ARMAND,0.11,0.83,6,306,4,0,1,0,support,low,1
12287,LIS,0.11,0.79,6,292,4,0,1,1,technical,low,1
12288,HAIGLER,0.82,0.91,5,232,5,0,1,0,technical,low,1
12291,WITTENBERG,0.87,0.84,5,231,5,0,1,0,IT,low,1
12293,LANDWEHR,0.11,0.91,6,308,4,1,1,0,IT,low,1
12294,IMES,0.1,0.93,6,253,4,0,1,0,IT,medium,2
12299,TERPSTRA,0.74,0.84,5,249,5,0,1,0,product_mng,medium,2
12301,STMARTIN,0.12,1.0,3,278,4,0,1,0,RandD,medium,2
12302,STILLER,0.1,0.77,7,250,5,0,1,0,RandD,medium,2
12304,VICTORY,0.89,0.87,5,255,5,0,1,0,RandD,medium,2
12307,LEZAMA,0.11,0.81,5,287,4,0,1,0,sales,low,1
12309,ALBEE,0.1,0.94,6,285,4,0,1,0,support,medium,2
12310,THURLOW,0.1,0.93,7,305,4,0,1,0,technical,medium,2
12311,LASKEY,0.11,0.95,7,300,4,0,1,0,management,medium,2
12314,CANDLER,0.1,0.81,6,268,4,0,1,0,marketing,low,1
12315,BOTHWELL,0.73,0.86,4,245,6,0,1,0,sales,low,1
12318,REGNIER,0.11,0.94,6,276,4,0,1,0,sales,low,1
12321,DAN,0.82,0.84,5,244,5,0,1,0,sales,low,1
12323,MIKULA,0.11,0.91,7,287,4,0,1,0,sales,low,1
12327,MANZELLA,0.88,0.99,5,262,6,0,1,0,sales,low,1
12328,DRAGON,0.1,0.85,6,266,4,0,1,0,sales,low,1
12331,GODBEY,0.11,0.85,7,302,4,0,1,0,sales,low,1
12332,CURRENT,0.09,0.98,6,271,4,0,1,0,sales,low,1
12334,WEDDINGTON,0.1,0.81,6,290,4,0,1,0,accounting,medium,2
12336,DEPAZ,0.77,0.87,5,266,5,0,1,0,accounting,medium,2
12339,MCCREERY,0.1,0.91,6,246,4,0,1,0,hr,medium,2
12340,LONGENECKER,0.09,0.89,7,308,5,0,1,0,hr,medium,2
12342,NADER,0.9,1.0,5,232,5,0,1,0,technical,medium,2
12345,AUGUSTE,0.1,0.86,6,278,4,0,1,0,technical,high,3
12346,SALTERS,0.81,1.0,4,253,5,0,1,0,technical,low,1
12347,PARAMO,0.11,0.8,6,282,4,0,1,0,technical,medium,2
12348,MINYARD,0.11,0.84,7,264,4,0,1,0,technical,medium,2
12350,BEIL,0.09,0.8,6,304,5,0,1,0,technical,medium,2
12351,SIMMERS,0.48,0.93,3,219,6,0,1,0,technical,low,1
12352,LUMPKINS,0.91,0.91,4,262,6,0,1,0,support,low,1
12354,RAULERSON,0.33,0.88,6,219,5,0,1,0,support,low,1
12359,WILLER,0.09,0.91,6,275,4,0,1,0,support,low,1
12360,WARFORD,0.1,0.87,6,290,4,0,1,0,support,low,1
12361,SCHERR,0.76,0.9,4,263,5,0,1,0,support,low,1
12363,MAHN,0.72,0.96,5,267,5,0,1,0,technical,low,1
12365,BOGNER,0.91,0.87,4,235,5,0,1,0,technical,low,1
12366,WILCOXSON,0.1,0.83,6,258,4,0,1,0,management,low,1
12368,HALLOWELL,0.82,0.86,5,243,5,0,1,0,IT,low,1
12369,GAILLARD,0.1,0.82,6,266,4,0,1,0,IT,low,1
12374,JABER,0.86,0.84,5,254,5,0,1,0,product_mng,medium,2
12375,CREASON,0.73,0.99,5,262,5,0,1,0,product_mng,medium,2
12376,SHUMPERT,0.56,0.71,4,296,2,0,1,0,IT,medium,2
12379,FUJII,0.77,0.93,4,231,5,0,1,0,hr,medium,2
12385,CLEGHORN,0.75,0.9,5,256,5,0,1,0,support,low,1
12386,LEPLEY,0.1,0.93,6,298,4,0,1,0,technical,medium,2
12387,HOSLER,0.1,0.97,6,247,4,0,1,0,management,medium,2
12390,GAUGER,0.78,1.0,4,253,5,0,1,0,marketing,low,1
12392,LOOSE,0.84,1.0,4,261,5,0,1,0,sales,low,1
12393,HERTZOG,0.11,0.93,6,282,4,0,1,0,sales,low,1
12397,BIGGER,0.09,0.79,6,293,5,0,1,0,sales,low,1
12398,RIZZUTO,0.87,0.83,4,265,6,0,1,0,sales,low,1
12399,RETZLAFF,0.1,0.87,6,250,4,0,1,0,sales,low,1
12400,RATHBURN,0.91,1.0,5,251,6,0,1,0,sales,low,1
12401,FLANNIGAN,0.76,0.92,4,246,5,0,1,0,sales,low,1
12402,TOWN,0.74,1.0,5,275,5,0,1,0,sales,low,1
12403,MOULDER,0.92,0.93,5,240,5,0,1,0,sales,low,1
12404,WINDOM,0.76,0.87,5,245,5,0,1,0,sales,low,1
12406,TORRANCE,0.73,0.99,5,241,5,0,1,0,sales,low,1
12407,HAMID,0.09,0.94,6,257,4,0,1,0,sales,low,1
12408,GAUTIER,0.91,0.92,4,246,5,0,1,0,sales,low,1
12409,PINKARD,0.82,0.98,4,233,5,0,1,0,sales,low,1
12411,KIRWAN,0.84,0.99,4,262,6,0,1,0,accounting,medium,2
12414,YOW,0.91,0.97,5,233,5,0,1,0,hr,medium,2
12416,ESHLEMAN,0.82,1.0,4,229,6,0,1,0,hr,medium,2
12417,TORKELSON,0.11,0.9,6,264,4,0,1,0,technical,medium,2
12419,LEBO,0.82,0.85,4,223,5,0,1,0,technical,medium,2
12420,HINNANT,0.09,0.96,6,268,4,0,1,0,technical,medium,2
12421,GHOLSTON,0.1,0.94,6,287,4,0,1,0,technical,medium,2
12422,FOULK,0.86,1.0,5,257,5,0,1,0,technical,medium,2
12426,MANCIA,0.74,0.92,4,261,5,0,1,0,technical,medium,2
12433,HIGHFILL,0.87,0.84,4,264,6,0,1,0,support,low,1
12434,FLIPPIN,0.1,0.84,6,309,4,0,1,0,support,low,1
12436,RUPPEL,0.11,0.85,6,261,4,0,1,0,support,low,1
12438,KLOSTERMAN,0.77,0.9,4,237,5,0,1,0,support,low,1
12441,ENSOR,0.36,0.78,2,151,4,0,1,0,technical,low,1
12442,STEFFEY,0.77,1.0,5,229,5,0,1,0,management,low,1
12443,SAUVE,0.81,0.98,5,245,5,0,1,0,IT,low,1
12445,NORTHINGTON,0.09,0.94,6,283,5,0,1,0,IT,low,1
12447,CESSNA,0.1,0.84,5,298,4,0,1,0,IT,low,1
12449,YELVERTON,0.81,0.92,5,239,5,0,1,0,product_mng,low,1
12450,SMITHEY,0.81,0.9,4,226,5,0,1,0,product_mng,medium,2
12451,MOROS,0.85,0.98,5,248,5,0,1,0,product_mng,medium,2
12452,MCCROSKEY,0.1,0.87,6,286,4,0,1,0,IT,medium,2
12454,DOSSETT,0.09,0.97,7,254,4,1,1,0,RandD,medium,2
12456,HEBB,0.86,0.93,5,223,5,0,1,0,RandD,medium,2
12457,SIPPLE,0.77,1.0,4,255,5,0,1,0,RandD,medium,2
12463,GIANG,0.8,0.85,4,273,5,0,1,0,management,low,1
12464,ATKIN,0.82,0.98,5,234,5,0,1,0,marketing,medium,2
12467,MEASE,0.09,0.95,6,292,4,0,1,0,sales,medium,2
12468,MACRAE,0.9,0.92,5,245,5,0,1,0,sales,low,1
12470,SHORTRIDGE,0.1,0.85,6,260,4,0,1,0,sales,low,1
12472,KUEBLER,0.89,0.85,5,266,5,0,1,0,sales,low,1
12474,FINLAYSON,0.87,1.0,5,242,5,0,1,0,sales,low,1
12476,CAMBRON,0.11,0.87,5,271,4,0,1,0,sales,low,1
12477,MULLETT,0.09,0.79,6,275,4,0,1,0,sales,low,1
12478,BOOKOUT,0.76,0.83,5,227,5,0,1,0,sales,low,1
12479,BANK,0.11,0.96,7,277,5,0,1,0,sales,low,1
12481,MORLOCK,0.1,0.79,6,274,4,0,1,0,sales,low,1
12482,LAHEY,0.77,0.87,4,242,6,0,1,0,sales,low,1
12485,DADE,0.32,0.95,5,172,2,0,1,0,sales,low,1
12487,CROWNOVER,0.19,1.0,4,192,4,0,1,0,accounting,low,1
12488,BANFIELD,0.1,0.83,7,276,4,0,1,0,accounting,low,1
12489,SYVERSON,0.76,0.88,4,206,4,0,1,0,hr,medium,2
12492,DIGGINS,0.11,0.83,6,244,4,0,1,0,hr,medium,2
12493,CONERLY,0.1,0.94,6,309,4,0,1,0,technical,medium,2
12494,PRINDLE,0.84,1.0,5,218,5,0,1,0,technical,medium,2
12495,BLASINGAME,0.82,0.99,4,263,6,0,1,0,technical,medium,2
12496,GARNES,0.1,0.82,6,244,4,0,1,0,technical,medium,2
12499,HOISINGTON,0.89,0.95,2,181,5,0,1,0,technical,medium,2
12500,GLASPER,0.91,0.84,5,265,5,0,1,0,technical,medium,2
12502,WINFREE,0.11,0.87,7,282,5,0,1,0,technical,low,1
12504,TALMADGE,0.78,0.83,4,217,6,0,1,0,support,medium,2
12505,HESSON,0.11,0.97,6,289,5,0,1,0,support,medium,2
12506,RAWLINSON,0.83,0.98,4,259,5,0,1,0,support,medium,2
12511,SCRANTON,0.53,0.85,2,164,5,0,1,0,support,low,1
12512,PURIFOY,0.09,0.96,6,259,4,0,1,0,support,low,1
12513,PRENTISS,0.11,0.89,6,293,4,0,1,0,support,low,1
12514,PINZON,0.83,0.96,5,275,5,0,1,0,support,low,1
12515,NORBY,0.88,1.0,5,219,6,1,1,0,technical,low,1
12516,NIEMIEC,0.1,0.89,6,247,4,0,1,0,technical,low,1
12517,HENTON,0.09,0.86,7,309,4,0,1,0,technical,low,1
12520,EDLER,0.87,0.94,4,274,5,0,1,0,IT,low,1
12521,CUADRA,0.74,0.99,4,233,5,0,1,0,IT,low,1
12522,ALBARADO,0.1,0.95,7,289,4,0,1,0,IT,low,1
12523,PAVON,0.74,0.82,4,239,6,0,1,0,IT,low,1
12524,MILLIS,0.75,0.99,5,221,5,0,1,0,product_mng,low,1
12527,HOADLEY,0.09,0.9,7,289,4,0,1,0,product_mng,low,1
12528,GOULDING,0.09,0.8,6,301,5,0,1,0,IT,medium,2
12532,XAVIER,0.1,0.84,6,246,4,0,1,0,hr,medium,2
12534,LAGRONE,0.75,0.85,5,240,6,1,1,0,marketing,medium,2
12536,CRESPIN,0.11,0.85,6,305,4,0,1,0,accounting,medium,2
12538,ZIEMER,0.87,1.0,5,261,5,1,1,0,technical,medium,2
12539,WILMORE,0.11,0.94,7,244,4,0,1,0,management,medium,2
12541,SENSENIG,0.81,0.87,4,254,5,0,1,0,marketing,low,1
12542,SALSBURY,0.77,0.91,5,236,5,0,1,0,marketing,medium,2
12543,ROPP,0.89,0.92,5,237,5,0,1,0,sales,medium,2
12545,MIRON,0.78,1.0,5,236,5,0,1,0,sales,medium,2
12548,SILVESTRE,0.85,0.82,4,270,5,0,1,0,sales,low,1
12550,NANNEY,0.11,0.96,6,298,4,0,1,0,sales,low,1
12551,CAYTON,0.75,0.99,5,254,5,0,1,0,sales,low,1
12552,LADUE,0.82,0.85,5,248,5,0,1,0,sales,low,1
12553,KLEIMAN,0.79,1.0,5,257,6,0,1,0,sales,low,1
12555,DAMPIER,0.1,0.9,7,281,4,0,1,0,sales,low,1
12559,GERONIMO,0.11,0.8,7,296,4,0,1,0,sales,low,1
12560,EZZELL,0.09,0.86,6,279,4,0,1,0,sales,low,1
12563,LAN,0.1,0.77,7,291,4,0,1,0,accounting,low,1
12566,KEARSE,0.11,0.79,7,310,4,0,1,0,hr,low,1
12567,GUERNSEY,0.1,0.97,6,282,4,0,1,0,hr,medium,2
12571,BISBEE,0.73,1.0,4,252,5,0,1,0,technical,medium,2
12572,YEOMAN,0.75,0.97,5,243,6,0,1,0,technical,medium,2
12576,MILLETTE,0.48,0.78,2,198,2,0,1,0,technical,medium,2
12577,MALO,0.57,0.72,4,275,6,0,1,0,technical,medium,2
12578,LAMPHERE,0.9,0.96,5,243,5,0,1,0,technical,medium,2
12581,BAIG,0.81,0.88,5,242,5,0,1,0,support,medium,2
12582,PAIR,0.74,0.87,5,242,5,0,1,0,support,medium,2
12587,CRISTOBAL,0.8,0.83,2,211,3,0,1,0,support,low,1
12588,BAREFIELD,0.87,0.9,5,258,5,0,1,0,support,low,1
12592,MACEY,0.1,0.8,6,264,4,0,1,0,technical,low,1
12594,BARA,0.1,0.77,6,255,4,0,1,0,management,low,1
12595,MAGNO,0.09,0.87,5,263,4,0,1,0,IT,low,1
12596,EYRE,0.86,0.84,5,222,5,0,1,0,IT,low,1
12597,UMBERGER,0.11,0.9,6,263,4,0,1,0,IT,low,1
12599,GILLAND,0.11,0.92,7,307,4,0,1,0,IT,low,1
12600,CHATTERTON,0.77,0.98,5,259,6,0,1,0,product_mng,low,1
12601,ROLOFF,0.84,0.94,5,222,6,0,1,0,product_mng,low,1
12602,MAZZEO,0.1,0.84,7,250,4,0,1,0,product_mng,low,1
12603,BRAMBILA,0.83,0.9,5,245,5,0,1,0,product_mng,low,1
12604,NORSWORTHY,0.11,0.79,6,292,4,0,1,0,IT,low,1
12605,MARLATT,0.86,0.92,5,252,5,0,1,0,RandD,low,1
12607,KAPOOR,0.11,0.88,5,250,4,0,1,0,RandD,medium,2
12609,BIER,0.1,0.85,7,279,4,0,1,0,RandD,medium,2
12610,HOUDE,0.09,0.95,7,256,4,0,1,0,marketing,medium,2
12613,BLACKLEDGE,0.81,0.97,5,243,5,0,1,0,support,medium,2
12614,BAUGHN,0.09,0.9,7,296,4,0,1,0,technical,medium,2
12615,RATHBONE,0.1,0.88,7,267,4,0,1,0,management,medium,2
12617,DINKEL,0.83,0.95,4,251,5,0,1,0,marketing,medium,2
12620,COLETTI,0.8,0.75,3,268,2,0,1,0,sales,medium,2
12621,BOYDSTON,0.1,0.86,6,247,4,0,1,0,sales,medium,2
12625,NARCISSE,0.78,0.98,5,263,6,0,1,0,sales,low,1
12628,BLAGG,0.72,0.85,5,244,6,0,1,0,sales,low,1
12630,DOWDLE,0.1,0.9,7,286,4,0,1,0,sales,low,1
12632,AMICO,0.11,0.89,6,260,5,0,1,0,sales,low,1
12634,RILES,0.82,0.92,5,225,5,0,1,0,sales,low,1
12638,STICKEL,0.84,0.83,4,227,5,0,1,0,accounting,low,1
12641,WICKSTROM,0.74,0.97,4,228,5,0,1,0,hr,low,1
12642,OBERLE,0.73,0.97,5,235,5,0,1,0,hr,low,1
12646,MAEDA,0.51,0.83,5,249,4,0,1,0,technical,medium,2
12651,CULBERT,0.09,0.88,6,269,4,0,1,0,technical,medium,2
12652,AMENT,0.09,0.77,6,290,4,0,1,0,technical,medium,2
12654,OWENBY,0.1,0.89,7,308,4,0,1,0,technical,medium,2
12655,CHUNN,0.77,1.0,4,232,5,0,1,0,technical,medium,2
12656,WICHMAN,0.79,0.86,5,235,5,0,1,0,support,medium,2
12659,OESTREICH,0.77,0.91,5,221,6,0,1,0,support,medium,2
12662,KLOS,0.78,0.89,5,274,6,0,1,0,support,medium,2
12663,HOGGE,0.1,0.79,6,256,5,0,1,0,support,low,1
12664,GANS,0.1,0.77,5,276,4,0,1,0,support,low,1
12665,CORDON,0.75,0.85,5,267,5,0,1,0,support,low,1
12667,TIGER,0.91,0.97,4,274,6,0,1,0,technical,low,1
12668,OLANDER,0.1,0.92,6,258,4,0,1,0,technical,low,1
12670,DRENNEN,0.11,0.95,6,245,4,0,1,0,management,low,1
12671,DOLCE,0.11,0.94,6,264,4,0,1,0,IT,low,1
12676,POCHE,0.11,0.82,6,270,4,0,1,0,product_mng,low,1
12677,OLAGUE,0.73,0.89,5,236,6,0,1,0,product_mng,low,1
12679,LINT,0.86,1.0,5,229,5,0,1,0,product_mng,low,1
12680,AMIDON,0.1,0.83,6,269,4,0,1,0,IT,low,1
12682,KRUMM,0.11,0.87,7,278,4,0,1,0,sales,low,1
12683,ENGEN,0.86,0.98,3,158,5,0,1,0,sales,low,1
12684,CUNEO,0.42,1.0,3,202,3,0,1,0,sales,medium,2
12685,SWARTZENTRUBER,0.79,0.84,4,240,5,0,1,0,sales,medium,2
12686,SEAMON,0.1,0.96,7,255,4,0,1,0,marketing,medium,2
12687,LONGWORTH,0.09,0.92,7,254,4,0,1,0,sales,medium,2
12688,HAAK,0.09,0.82,6,257,4,0,1,0,accounting,medium,2
12689,BRONNER,0.87,1.0,4,228,5,0,1,0,support,medium,2
12691,WILHOIT,0.42,0.75,3,218,4,0,1,0,management,medium,2
12692,HITCHENS,0.84,0.86,5,268,5,0,1,0,marketing,medium,2
12693,HEIDENREICH,0.1,0.83,6,278,4,0,1,0,marketing,medium,2
12694,CHAPEL,0.78,0.71,3,249,5,0,1,0,marketing,medium,2
12695,CHAND,0.35,0.99,3,236,4,0,1,0,sales,medium,2
12696,BRZEZINSKI,0.1,0.81,7,291,4,0,1,0,sales,high,3
12697,ORMOND,0.11,0.8,6,306,4,0,1,0,sales,low,1
12701,BURCHARD,0.89,0.82,4,243,5,0,1,0,sales,medium,2
12706,STROHM,0.79,0.93,4,226,5,0,1,0,sales,low,1
12707,SPERO,0.79,0.91,5,271,5,0,1,0,sales,low,1
12708,GRAYS,0.11,0.87,6,255,4,0,1,0,sales,low,1
12710,WOJTOWICZ,0.64,0.9,6,252,2,0,1,0,sales,low,1
12712,MAYNES,0.84,0.98,5,270,5,0,1,0,sales,low,1
12713,KNAUSS,0.73,0.92,5,232,5,0,1,0,sales,low,1
12717,KESTNER,0.11,0.78,6,243,4,0,1,0,hr,low,1
12718,CHAPUT,0.91,1.0,5,244,6,0,1,0,hr,low,1
12719,CARLINO,0.8,1.0,5,260,5,0,1,0,hr,low,1
12721,PARENTEAU,0.31,0.87,4,184,3,0,1,0,technical,low,1
12729,WIX,0.09,0.83,6,282,4,0,1,0,technical,medium,2
12731,ERTEL,0.79,0.94,4,232,5,0,1,0,technical,medium,2
12734,IVANOV,0.11,0.92,7,255,4,0,1,0,support,medium,2
12735,CHAREST,0.83,0.99,5,258,5,0,1,0,support,high,3
12736,THOR,0.81,0.91,4,229,5,0,1,0,support,low,1
12738,TROTTIER,0.11,0.87,6,257,4,0,1,0,support,medium,2
12739,KROMER,0.11,0.85,7,275,4,0,1,0,support,medium,2
12740,CLENDENIN,0.1,0.89,7,291,4,0,1,0,support,medium,2
12743,HORNBUCKLE,0.11,0.9,6,301,4,0,1,0,technical,low,1
12745,DOMBROSKI,0.11,0.78,6,245,4,0,1,0,technical,low,1
12749,VESELY,0.86,0.84,4,246,6,0,1,0,IT,low,1
12754,COGDILL,0.66,0.93,5,253,5,0,1,0,product_mng,low,1
12756,THORNBERRY,0.77,0.92,5,235,5,0,1,0,IT,low,1
12760,DEFALCO,0.1,0.9,7,290,4,0,1,0,sales,low,1
12761,CEVALLOS,0.09,0.93,6,249,4,0,1,0,sales,low,1
12764,MACAULAY,0.83,0.99,4,223,5,0,1,0,accounting,medium,2
12765,HAJEK,0.09,0.87,3,214,2,0,1,0,support,medium,2
12766,ONO,0.75,0.81,5,227,5,0,1,0,technical,medium,2
12768,LEFF,0.1,0.84,6,293,5,0,1,0,marketing,medium,2
12770,FRISON,0.1,0.83,6,300,4,0,1,0,marketing,medium,2
12771,BRUGGER,0.1,0.86,6,309,4,0,1,0,sales,medium,2
12772,SUMMEY,0.31,0.77,4,149,3,0,1,0,sales,medium,2
12776,CALHOON,0.1,0.97,6,254,5,0,1,0,sales,medium,2
12777,PATENAUDE,0.11,0.93,6,294,4,0,1,0,sales,medium,2
12778,AGAN,0.1,0.92,7,269,4,0,1,0,sales,medium,2
12779,TANIS,0.11,0.9,7,247,4,0,1,0,sales,medium,2
12781,OBERT,0.91,0.96,4,232,5,0,1,0,sales,low,1
12782,VANVALKENBURG,0.72,1.0,4,245,5,0,1,0,sales,low,1
14212,PLEASANTS,0.8,0.86,5,262,6,0,1,0,sales,medium,2
14213,PERREIRA,0.11,0.88,7,272,4,0,1,0,sales,medium,2
14214,MASER,0.72,0.87,5,223,5,0,1,0,sales,low,1
14217,HOWSE,0.1,0.77,6,247,4,0,1,0,sales,low,1
14218,YARGER,0.92,0.85,5,259,5,0,1,0,sales,low,1
14219,SHEELEY,0.89,1.0,5,224,5,0,1,0,sales,low,1
14222,PICAZO,0.11,0.81,6,305,4,0,1,0,sales,low,1
14223,GRIES,0.84,0.92,4,234,5,0,1,0,sales,low,1
14228,MEROLA,0.78,0.99,4,255,6,0,1,0,sales,low,1
14230,MALHOTRA,0.76,0.89,5,262,5,0,1,0,sales,low,1
14231,KUESTER,0.11,0.83,6,282,4,0,1,0,sales,low,1
14233,HASSE,0.09,0.95,6,304,4,0,1,0,sales,low,1
14236,QIU,0.89,0.92,5,242,5,0,1,0,sales,low,1
14237,PRIMEAUX,0.82,0.87,4,239,5,0,1,0,sales,low,1
14245,ACHESON,0.84,0.87,4,246,6,0,1,0,hr,low,1
14246,MUNDEN,0.1,0.94,6,255,4,0,1,0,technical,low,1
14249,UMSTEAD,0.11,0.89,6,306,4,0,1,0,technical,low,1
14251,PELLEGRIN,0.87,0.88,5,269,5,0,1,0,technical,low,1
14254,WAGNON,0.1,0.8,7,281,4,0,1,0,technical,low,1
14255,HUCKINS,0.09,0.89,6,276,4,0,1,0,technical,low,1
14256,CASTAGNA,0.84,0.74,3,182,4,0,1,0,technical,low,1
14261,DOLIN,0.13,0.78,6,152,2,0,1,0,support,low,1
14265,GOVER,0.1,0.92,7,307,4,0,1,0,support,low,1
14267,REPPERT,0.11,0.94,7,255,4,0,1,0,support,low,1
14268,GIRARDI,0.1,0.81,6,309,4,0,1,0,technical,low,1
14270,BRANCATO,0.85,1.0,4,225,5,0,1,0,technical,low,1
14271,BRAMBLETT,0.85,0.91,5,226,5,0,1,0,management,medium,2
14272,SAETERN,0.11,0.93,7,308,4,0,1,0,IT,medium,2
14273,PUIG,0.1,0.95,6,244,5,0,1,0,IT,medium,2
14275,HEAVNER,0.11,0.94,6,286,4,0,1,0,IT,medium,2
14278,SEDANO,0.9,0.98,4,264,6,0,1,0,product_mng,medium,2
14279,SCHLICHTING,0.76,0.86,5,223,5,1,1,0,product_mng,medium,2
14281,LOISELLE,0.74,0.99,2,277,3,0,1,0,IT,medium,2
14282,RIDGLEY,0.09,0.77,5,275,4,0,1,0,product_mng,medium,2
14284,PANOS,0.09,0.87,7,295,4,0,1,0,product_mng,low,1
14285,HEILIG,0.11,0.97,6,277,4,0,1,0,product_mng,medium,2
14286,BASILIO,0.11,0.79,7,306,4,0,1,0,product_mng,medium,2
14287,STRAUSBAUGH,0.1,0.83,6,295,4,0,1,0,product_mng,medium,2
14294,OBANION,0.84,0.85,4,249,6,0,1,0,marketing,low,1
14295,MANSKE,0.11,0.77,6,291,4,0,1,0,marketing,low,1
14296,LAMANTIA,0.11,0.87,6,305,4,0,1,0,marketing,low,1
14297,IRAHETA,0.17,0.84,5,232,3,0,1,0,sales,low,1
14300,CULHANE,0.1,0.79,6,291,4,0,1,0,sales,low,1
14302,WOODFIN,0.89,1.0,5,246,5,0,1,0,sales,low,1
14305,NEHER,0.09,0.83,6,255,4,0,1,0,sales,low,1
14307,MATTOCKS,0.1,0.77,6,265,4,0,1,0,sales,low,1
14308,LEGETTE,0.1,0.84,6,279,4,0,1,0,sales,low,1
14309,ENOCHS,0.11,0.97,6,284,4,0,1,0,sales,low,1
14310,ECKLEY,0.9,1.0,5,221,6,0,1,0,sales,medium,2
14314,OLESEN,0.09,0.94,7,267,4,0,1,0,sales,medium,2
14317,FOUTCH,0.91,1.0,4,257,5,0,1,0,accounting,medium,2
14319,DILLE,0.71,0.87,3,177,4,0,1,0,hr,medium,2
14322,HASBROUCK,0.09,0.85,6,289,4,0,1,0,hr,high,3
14324,SHINKLE,0.9,0.96,4,258,5,0,1,0,technical,medium,2
14325,PERALEZ,0.84,1.0,5,234,5,0,1,0,technical,medium,2
14328,MOSHIER,0.11,0.84,6,251,4,0,1,0,technical,low,1
14333,BARBEAU,0.75,1.0,4,216,6,0,1,0,technical,low,1
14334,WELK,0.11,0.84,6,300,5,1,1,0,support,low,1
14336,SILLER,0.11,0.92,6,260,4,0,1,0,support,low,1
14338,MERIWETHER,0.7,0.89,3,183,5,0,1,0,support,low,1
14339,LAUTERBACH,0.09,0.82,6,250,4,0,1,0,support,low,1
14341,EPLING,0.1,0.83,6,292,4,0,1,0,support,low,1
14343,DAUB,0.9,1.0,5,221,5,0,1,0,support,low,1
14346,HAGINS,0.31,0.84,7,133,5,0,1,0,technical,low,1
14347,BADEN,0.1,0.84,6,283,4,1,1,0,technical,low,1
14349,SICA,0.74,1.0,4,249,5,0,1,0,IT,low,1
14350,MULLANE,0.73,0.87,5,257,5,0,1,0,IT,low,1
14351,JURGENSEN,0.09,0.96,6,245,4,0,1,0,IT,low,1
14353,KIMMONS,0.11,0.8,6,256,4,0,1,0,IT,low,1
14355,BONES,0.84,0.99,4,267,5,0,1,0,product_mng,low,1
14357,PRISCO,0.76,0.92,4,239,5,0,1,0,product_mng,low,1
14358,KASER,0.11,0.87,6,306,4,0,1,0,IT,low,1
14359,JELKS,0.84,0.88,4,263,5,1,1,0,marketing,low,1
14361,CERRONE,0.11,0.91,6,278,4,0,1,0,marketing,low,1
14366,FLEEMAN,0.11,0.8,6,304,4,0,1,0,accounting,low,1
14367,DECKERT,0.83,1.0,5,240,5,0,1,0,support,low,1
14368,CUBBAGE,0.11,0.92,6,305,4,0,1,0,technical,low,1
14371,RIZVI,0.1,0.95,7,301,4,0,1,0,marketing,low,1
14372,RED,0.9,0.98,5,243,6,0,1,0,marketing,low,1
14374,MOOREFIELD,0.79,0.89,5,239,5,0,1,0,sales,low,1
14375,LEET,0.9,0.99,5,260,5,0,1,0,sales,low,1
14376,KHANNA,0.11,0.84,7,296,4,0,1,0,sales,low,1
14381,CASSON,0.81,0.99,4,259,5,0,1,0,sales,low,1
14383,REICHMAN,0.11,0.78,7,278,4,0,1,0,sales,low,1
14384,KEPLINGER,0.1,0.88,6,284,4,0,1,0,sales,low,1
14386,ROTELLA,0.54,0.74,4,164,2,0,1,0,sales,low,1
14390,ORVIS,0.11,0.85,6,308,5,0,1,0,sales,medium,2
14392,CADWALLADER,0.1,0.84,6,261,4,0,1,0,accounting,medium,2
14393,BEUTLER,0.89,0.99,5,257,5,0,1,0,accounting,medium,2
14394,SUNIGA,0.11,0.8,6,285,4,0,1,0,accounting,medium,2
14397,EMMANUEL,0.09,0.85,6,297,4,0,1,0,hr,medium,2
14401,GAUDREAU,0.09,0.8,7,283,5,0,1,0,technical,low,1
14402,BERINGER,0.92,0.87,4,226,6,1,1,0,technical,medium,2
14403,ZUBIA,0.74,0.91,4,232,5,0,1,0,technical,medium,2
14404,REIGLE,0.09,0.82,6,249,4,0,1,0,technical,medium,2
14405,OUBRE,0.89,0.95,4,275,5,0,1,0,technical,medium,2
14406,GARDELLA,0.09,0.8,6,304,4,0,1,0,technical,low,1
14408,MCCARDLE,0.1,0.91,6,287,4,0,1,0,technical,low,1
14409,LUCIUS,0.1,0.89,7,285,4,0,1,0,technical,low,1
14410,FIZER,0.77,0.94,5,226,6,0,1,0,support,low,1
14411,AMBLER,0.9,0.82,5,259,5,0,1,0,support,low,1
14413,FISCHBACH,0.76,1.0,5,219,5,0,1,0,support,low,1
14414,SHEARD,0.1,0.93,6,256,4,0,1,0,support,low,1
14415,HAMMONTREE,0.87,0.9,5,254,6,0,1,0,support,low,1
14417,BORELLI,0.77,0.99,5,228,5,0,1,0,support,low,1
14418,BARKS,0.78,0.87,4,228,5,0,1,0,support,low,1
14423,HANK,0.88,1.0,5,219,5,0,1,0,technical,low,1
14428,DECOTEAU,0.9,0.98,5,245,5,0,1,0,IT,low,1
14430,BUITRON,0.89,0.87,5,225,5,0,1,0,product_mng,low,1
14431,TRANG,0.1,0.84,6,286,4,0,1,0,product_mng,low,1
14434,MELIA,0.87,0.9,5,252,5,0,1,0,IT,low,1
14436,ABRIL,0.9,0.97,4,258,5,0,1,0,accounting,low,1
14439,RAYL,0.85,0.95,5,236,5,0,1,0,hr,low,1
14440,MECHE,0.78,0.98,5,239,6,0,1,0,marketing,low,1
14442,MALTESE,0.92,0.99,5,255,6,0,1,0,sales,low,1
14443,SYKORA,0.11,0.83,6,244,4,0,1,0,accounting,low,1
14446,COLUMBUS,0.83,0.85,4,255,5,0,1,0,management,low,1
14450,MAHONY,0.1,0.97,7,254,4,0,1,0,sales,low,1
14451,DRUMHELLER,0.1,0.87,7,289,4,0,1,0,sales,low,1
14455,CASPERSON,0.89,0.86,5,275,5,0,1,0,sales,low,1
14459,MORAGA,0.87,0.91,4,228,5,0,1,0,sales,low,1
14460,HURTT,0.11,0.84,6,298,4,0,1,0,sales,low,1
14461,HEISEY,0.79,0.87,5,261,5,0,1,0,sales,low,1
14462,CRUCE,0.79,0.92,5,254,6,0,1,0,sales,low,1
14464,BOHANNAN,0.87,0.98,4,248,5,0,1,0,sales,low,1
14465,BARATTA,0.6,0.92,2,258,5,0,1,0,sales,low,1
14467,SWIDERSKI,0.11,0.81,6,266,4,1,1,0,sales,medium,2
14469,PITCOCK,0.88,0.88,5,232,5,1,1,0,accounting,medium,2
14470,BUDA,0.11,0.84,6,287,4,0,1,0,accounting,medium,2
14472,SAULSBERRY,0.82,0.97,5,263,5,0,1,0,hr,medium,2
14474,CRUDUP,0.11,0.78,6,260,4,0,1,0,hr,medium,2
14476,BUSICK,0.84,0.93,4,251,5,0,1,0,technical,medium,2
14477,BONGIORNO,0.11,0.95,6,286,4,0,1,0,technical,medium,2
14480,BEEM,0.38,0.86,6,139,6,0,1,0,technical,medium,2
14482,MERIDETH,0.11,0.84,6,251,4,0,1,0,technical,medium,2
14483,LAMARRE,0.81,0.93,5,270,5,0,1,0,technical,medium,2
14484,FULLWOOD,0.09,0.96,6,296,4,0,1,0,technical,low,1
14485,FREIRE,0.11,0.9,6,254,4,0,1,0,technical,low,1
14486,CASADO,0.81,0.95,5,238,6,0,1,0,technical,low,1
14487,LEBOWITZ,0.1,0.97,6,267,4,1,1,0,support,low,1
14488,KERLIN,0.74,0.89,5,229,6,0,1,0,support,low,1
14489,HARTIG,0.09,0.78,6,254,4,0,1,0,support,low,1
14490,YERKES,0.82,0.81,4,233,4,1,1,0,support,low,1
14491,KIBBE,0.1,0.98,6,268,4,0,1,0,support,low,1
14493,FANNON,0.83,0.92,5,267,6,0,1,0,support,low,1
14494,WADDINGTON,0.1,0.93,6,289,4,1,1,0,support,low,1
14497,WETHERBEE,0.11,0.83,6,306,4,0,1,0,support,low,1
14498,MIERS,0.11,0.79,6,292,4,0,1,1,technical,low,1
14499,CLOSSON,0.82,0.91,5,232,5,0,1,0,technical,low,1
14502,YAMASAKI,0.87,0.84,5,231,5,0,1,0,IT,low,1
14504,STROZIER,0.11,0.91,6,308,4,1,1,0,IT,low,1
14505,SKOGLUND,0.1,0.93,6,253,4,0,1,0,IT,medium,2
14510,BARTLE,0.74,0.84,5,249,5,0,1,0,product_mng,medium,2
14512,AGUDELO,0.12,1.0,3,278,4,0,1,0,RandD,medium,2
14513,WAXMAN,0.1,0.77,7,250,5,0,1,0,RandD,medium,2
14515,SANDERLIN,0.89,0.87,5,255,5,0,1,0,RandD,medium,2
14518,GALANG,0.11,0.81,5,287,4,0,1,0,sales,low,1
14520,STICH,0.1,0.94,6,285,4,0,1,0,support,medium,2
14521,SILVIS,0.1,0.93,7,305,4,0,1,0,technical,medium,2
14522,SHOFNER,0.11,0.95,7,300,4,0,1,0,management,medium,2
14525,MOREJON,0.1,0.81,6,268,4,0,1,0,marketing,low,1
14526,GURGANUS,0.73,0.86,4,245,6,0,1,0,sales,low,1
14529,SANTILLO,0.11,0.94,6,276,4,0,1,0,sales,low,1
14532,MANKIN,0.82,0.84,5,244,5,0,1,0,sales,low,1
14534,LIEBMAN,0.11,0.91,7,287,4,0,1,0,sales,low,1
14538,SOSNOWSKI,0.88,0.99,5,262,6,0,1,0,sales,low,1
14539,RINEY,0.1,0.85,6,266,4,0,1,0,sales,low,1
14542,CRIGGER,0.11,0.85,7,302,4,0,1,0,sales,low,1
14543,MUSIAL,0.09,0.98,6,271,4,0,1,0,sales,low,1
14545,MASTROIANNI,0.1,0.81,6,290,4,0,1,0,accounting,medium,2
14547,BOURDON,0.77,0.87,5,266,5,0,1,0,accounting,medium,2
14550,SUMMA,0.1,0.91,6,246,4,0,1,0,hr,medium,2
14551,ROSELLI,0.09,0.89,7,308,5,0,1,0,hr,medium,2
14553,ORRIS,0.9,1.0,5,232,5,0,1,0,technical,medium,2
14556,DEDMON,0.1,0.86,6,278,4,0,1,0,technical,high,3
14557,BERT,0.81,1.0,4,253,5,0,1,0,technical,low,1
14558,GERST,0.11,0.8,6,282,4,0,1,0,technical,medium,2
14559,CASTNER,0.11,0.84,7,264,4,0,1,0,technical,medium,2
14561,BARSTOW,0.09,0.8,6,304,5,0,1,0,technical,medium,2
14562,VILLALON,0.48,0.93,3,219,6,0,1,0,technical,low,1
14563,PENMAN,0.91,0.91,4,262,6,0,1,0,support,low,1
14565,BROADDUS,0.33,0.88,6,219,5,0,1,0,support,low,1
14570,SHUFF,0.09,0.91,6,275,4,0,1,0,support,low,1
14571,CANNATA,0.1,0.87,6,290,4,0,1,0,support,low,1
14572,BOMMARITO,0.76,0.9,4,263,5,0,1,0,support,low,1
14574,MAISONET,0.72,0.96,5,267,5,0,1,0,technical,low,1
14576,COSTIN,0.91,0.87,4,235,5,0,1,0,technical,low,1
14577,BUTERBAUGH,0.1,0.83,6,258,4,0,1,0,management,low,1
14579,BANTON,0.82,0.86,5,243,5,0,1,0,IT,low,1
14580,WINBURN,0.1,0.82,6,266,4,0,1,0,IT,low,1
14585,HILD,0.86,0.84,5,254,5,0,1,0,product_mng,medium,2
14586,GOSE,0.73,0.99,5,262,5,0,1,0,product_mng,medium,2
14587,GLANCY,0.56,0.71,4,296,2,0,1,0,IT,medium,2
14590,SWAYZE,0.77,0.93,4,231,5,0,1,0,hr,medium,2
14596,GRIZZARD,0.75,0.9,5,256,5,0,1,0,support,low,1
14597,FETTIG,0.1,0.93,6,298,4,0,1,0,technical,medium,2
14598,YONKER,0.1,0.97,6,247,4,0,1,0,management,medium,2
14601,EBANKS,0.78,1.0,4,253,5,0,1,0,marketing,low,1
14603,STRUTHERS,0.84,1.0,4,261,5,0,1,0,sales,low,1
14604,SICARD,0.11,0.93,6,282,4,0,1,0,sales,low,1
14608,FUHRMANN,0.09,0.79,6,293,5,0,1,0,sales,low,1
14609,CALERO,0.87,0.83,4,265,6,0,1,0,sales,low,1
14610,BECKSTEAD,0.1,0.87,6,250,4,0,1,0,sales,low,1
14611,RAABE,0.91,1.0,5,251,6,0,1,0,sales,low,1
14612,CAPO,0.76,0.92,4,246,5,0,1,0,sales,low,1
14613,ADOLPH,0.74,1.0,5,275,5,0,1,0,sales,low,1
14614,STEMPLE,0.92,0.93,5,240,5,0,1,0,sales,low,1
14615,STEINERT,0.76,0.87,5,245,5,0,1,0,sales,low,1
14617,GRAN,0.73,0.99,5,241,5,0,1,0,sales,low,1
14618,CHARLAND,0.09,0.94,6,257,4,0,1,0,sales,low,1
14619,BOREL,0.91,0.92,4,246,5,0,1,0,sales,low,1
14620,ARY,0.82,0.98,4,233,5,0,1,0,sales,low,1
14622,SIMOES,0.84,0.99,4,262,6,0,1,0,accounting,medium,2
14625,NATH,0.91,0.97,5,233,5,0,1,0,hr,medium,2
14627,USRY,0.82,1.0,4,229,6,0,1,0,hr,medium,2
14628,NASCIMENTO,0.11,0.9,6,264,4,0,1,0,technical,medium,2
14630,GAIN,0.82,0.85,4,223,5,0,1,0,technical,medium,2
14631,BREECE,0.09,0.96,6,268,4,0,1,0,technical,medium,2
14632,BRASSFIELD,0.1,0.94,6,287,4,0,1,0,technical,medium,2
14633,WECHSLER,0.86,1.0,5,257,5,0,1,0,technical,medium,2
14637,PIETSCH,0.74,0.92,4,261,5,0,1,0,technical,medium,2
14644,BODY,0.87,0.84,4,264,6,0,1,0,support,low,1
14645,TOLLESON,0.1,0.84,6,309,4,0,1,0,support,low,1
14647,POMERANTZ,0.11,0.85,6,261,4,0,1,0,support,low,1
14649,GONYEA,0.77,0.9,4,237,5,0,1,0,support,low,1
14652,TANSEY,0.36,0.78,2,151,4,0,1,0,technical,low,1
14653,STAUDT,0.77,1.0,5,229,5,0,1,0,management,low,1
14654,DUNSMORE,0.81,0.98,5,245,5,0,1,0,IT,low,1
14656,CLINARD,0.09,0.94,6,283,5,0,1,0,IT,low,1
14658,OSBOURNE,0.1,0.84,5,298,4,0,1,0,IT,low,1
14660,LUCIDO,0.81,0.92,5,239,5,0,1,0,product_mng,low,1
14661,GOSSARD,0.81,0.9,4,226,5,0,1,0,product_mng,medium,2
14662,GILYARD,0.85,0.98,5,248,5,0,1,0,product_mng,medium,2
14663,STILLS,0.1,0.87,6,286,4,0,1,0,IT,medium,2
14665,PALOMBO,0.09,0.97,7,254,4,1,1,0,RandD,medium,2
14667,MAC,0.86,0.93,5,223,5,0,1,0,RandD,medium,2
14668,KERRY,0.77,1.0,4,255,5,0,1,0,RandD,medium,2
14674,MOLER,0.8,0.85,4,273,5,0,1,0,management,low,1
14675,MARIS,0.82,0.98,5,234,5,0,1,0,marketing,medium,2
14678,FOLLIS,0.09,0.95,6,292,4,0,1,0,sales,medium,2
14679,WEIBEL,0.9,0.92,5,245,5,0,1,0,sales,low,1
14681,MEESE,0.1,0.85,6,260,4,0,1,0,sales,low,1
14683,FINKLE,0.89,0.85,5,266,5,0,1,0,sales,low,1
14685,CHARTRAND,0.87,1.0,5,242,5,0,1,0,sales,low,1
14687,AMUNDSEN,0.11,0.87,5,271,4,0,1,0,sales,low,1
14688,RETHERFORD,0.09,0.79,6,275,4,0,1,0,sales,low,1
14689,RAHIM,0.76,0.83,5,227,5,0,1,0,sales,low,1
14690,MARKERT,0.11,0.96,7,277,5,0,1,0,sales,low,1
14692,RONK,0.1,0.79,6,274,4,0,1,0,sales,low,1
14693,ROCHELEAU,0.77,0.87,4,242,6,0,1,0,sales,low,1
14696,KEATHLEY,0.32,0.95,5,172,2,0,1,0,sales,low,1
14698,GOSNEY,0.19,1.0,4,192,4,0,1,0,accounting,low,1
14699,DINGES,0.1,0.83,7,276,4,0,1,0,accounting,low,1
14700,PINCUS,0.76,0.88,4,206,4,0,1,0,hr,medium,2
14703,FARRER,0.11,0.83,6,244,4,0,1,0,hr,medium,2
14704,APEL,0.1,0.94,6,309,4,0,1,0,technical,medium,2
14705,ZOELLER,0.84,1.0,5,218,5,0,1,0,technical,medium,2
14706,THIEME,0.82,0.99,4,263,6,0,1,0,technical,medium,2
14707,MAIDA,0.1,0.82,6,244,4,0,1,0,technical,medium,2
14710,CUCCIA,0.89,0.95,2,181,5,0,1,0,technical,medium,2
14711,BALTZ,0.91,0.84,5,265,5,0,1,0,technical,medium,2
14713,ABDALLA,0.11,0.87,7,282,5,0,1,0,technical,low,1
14715,PIDGEON,0.78,0.83,4,217,6,0,1,0,support,medium,2
14716,JONE,0.11,0.97,6,289,5,0,1,0,support,medium,2
14717,HASSINGER,0.83,0.98,4,259,5,0,1,0,support,medium,2
14722,CLASSEN,0.53,0.85,2,164,5,0,1,0,support,low,1
14723,SPADA,0.09,0.96,6,259,4,0,1,0,support,low,1
14724,LISI,0.11,0.89,6,293,4,0,1,0,support,low,1
14725,GERRARD,0.83,0.96,5,275,5,0,1,0,support,low,1
14726,DUFAULT,0.88,1.0,5,219,6,1,1,0,technical,low,1
14727,BRAZELTON,0.1,0.89,6,247,4,0,1,0,technical,low,1
14728,BOGGAN,0.09,0.86,7,309,4,0,1,0,technical,low,1
14731,RASCOE,0.87,0.94,4,274,5,0,1,0,IT,low,1
14732,PENIX,0.74,0.99,4,233,5,0,1,0,IT,low,1
14733,ESPEJO,0.1,0.95,7,289,4,0,1,0,IT,low,1
14734,DOCKINS,0.74,0.82,4,239,6,0,1,0,IT,low,1
14735,BODKIN,0.75,0.99,5,221,5,0,1,0,product_mng,low,1
14738,NETHERTON,0.09,0.9,7,289,4,0,1,0,product_mng,low,1
14739,LAMBERTH,0.09,0.8,6,301,5,0,1,0,IT,medium,2
14743,BARNHOUSE,0.1,0.84,6,246,4,0,1,0,hr,medium,2
14745,WHITESIDES,0.75,0.85,5,240,6,1,1,0,marketing,medium,2
14747,ROSENBERRY,0.11,0.85,6,305,4,0,1,0,accounting,medium,2
14749,HULLINGER,0.87,1.0,5,261,5,1,1,0,technical,medium,2
14750,EHRHART,0.11,0.94,7,244,4,0,1,0,management,medium,2
14752,CLAUNCH,0.81,0.87,4,254,5,0,1,0,marketing,low,1
14753,ANWAR,0.77,0.91,5,236,5,0,1,0,marketing,medium,2
14754,VOGELSANG,0.89,0.92,5,237,5,0,1,0,sales,medium,2
14756,SIMMERMAN,0.78,1.0,5,236,5,0,1,0,sales,medium,2
14759,NICKLAS,0.85,0.82,4,270,5,0,1,0,sales,low,1
14761,DOMINQUEZ,0.11,0.96,6,298,4,0,1,0,sales,low,1
14762,CHESS,0.75,0.99,5,254,5,0,1,0,sales,low,1
14763,WEEKLY,0.82,0.85,5,248,5,0,1,0,sales,low,1
14764,MATTHES,0.79,1.0,5,257,6,0,1,0,sales,low,1
14766,GARABEDIAN,0.1,0.9,7,281,4,0,1,0,sales,low,1
14770,VANDOREN,0.11,0.8,7,296,4,0,1,0,sales,low,1
14771,SEVERNS,0.09,0.86,6,279,4,0,1,0,sales,low,1
14774,MAGNUSSON,0.1,0.77,7,291,4,0,1,0,accounting,low,1
14777,OKEEFFE,0.11,0.79,7,310,4,0,1,0,hr,low,1
14778,NOKES,0.1,0.97,6,282,4,0,1,0,hr,medium,2
14782,ZOU,0.73,1.0,4,252,5,0,1,0,technical,medium,2
14783,SETSER,0.75,0.97,5,243,6,0,1,0,technical,medium,2
14787,HAMADA,0.48,0.78,2,198,2,0,1,0,technical,medium,2
14788,FRIAR,0.57,0.72,4,275,6,0,1,0,technical,medium,2
14789,DRUMMER,0.9,0.96,5,243,5,0,1,0,technical,medium,2
14792,SYLVA,0.81,0.88,5,242,5,0,1,0,support,medium,2
14793,GOBBLE,0.74,0.87,5,242,5,0,1,0,support,medium,2
14798,VELTRI,0.8,0.83,2,211,3,0,1,0,support,low,1
14799,SPEERS,0.87,0.9,5,258,5,0,1,0,support,low,1
14803,BUTNER,0.1,0.8,6,264,4,0,1,0,technical,low,1
14805,TORBERT,0.1,0.77,6,255,4,0,1,0,management,low,1
14806,OHAGAN,0.09,0.87,5,263,4,0,1,0,IT,low,1
14807,GRANDBERRY,0.86,0.84,5,222,5,0,1,0,IT,low,1
14808,SODEN,0.11,0.9,6,263,4,0,1,0,IT,low,1
14810,RASCO,0.11,0.92,7,307,4,0,1,0,IT,low,1
14811,HOWSER,0.77,0.98,5,259,6,0,1,0,product_mng,low,1
14812,VARNUM,0.84,0.94,5,222,6,0,1,0,product_mng,low,1
14813,SARTORI,0.1,0.84,7,250,4,0,1,0,product_mng,low,1
14814,NICOLA,0.83,0.9,5,245,5,0,1,0,product_mng,low,1
14815,LAZCANO,0.11,0.79,6,292,4,0,1,0,IT,low,1
14816,JUSTINIANO,0.86,0.92,5,252,5,0,1,0,RandD,low,1
14818,CLAUSS,0.11,0.88,5,250,4,0,1,0,RandD,medium,2
14820,LUCARELLI,0.1,0.85,7,279,4,0,1,0,RandD,medium,2
14821,CARNLEY,0.09,0.95,7,256,4,0,1,0,marketing,medium,2
14824,MARCEL,0.81,0.97,5,243,5,0,1,0,support,medium,2
14825,LONGSHORE,0.09,0.9,7,296,4,0,1,0,technical,medium,2
14826,DOSTAL,0.1,0.88,7,267,4,0,1,0,management,medium,2
14828,BERGH,0.83,0.95,4,251,5,0,1,0,marketing,medium,2
14831,WEINERT,0.8,0.75,3,268,2,0,1,0,sales,medium,2
14832,VALIENTE,0.1,0.86,6,247,4,0,1,0,sales,medium,2
14836,BOLOGNA,0.78,0.98,5,263,6,0,1,0,sales,low,1
14839,GAERTNER,0.72,0.85,5,244,6,0,1,0,sales,low,1
14841,TINEO,0.1,0.9,7,286,4,0,1,0,sales,low,1
14843,OATMAN,0.11,0.89,6,260,5,0,1,0,sales,low,1
14845,COSIO,0.82,0.92,5,225,5,0,1,0,sales,low,1
14849,REDICK,0.84,0.83,4,227,5,0,1,0,accounting,low,1
14852,JENKINSON,0.74,0.97,4,228,5,0,1,0,hr,low,1
14853,BONACCI,0.73,0.97,5,235,5,0,1,0,hr,low,1
14857,RIVET,0.51,0.83,5,249,4,0,1,0,technical,medium,2
14862,WALLNER,0.09,0.88,6,269,4,0,1,0,technical,medium,2
14863,STANHOPE,0.09,0.77,6,290,4,0,1,0,technical,medium,2
14865,KNOP,0.1,0.89,7,308,4,0,1,0,technical,medium,2
14866,HIPOLITO,0.77,1.0,4,232,5,0,1,0,technical,medium,2
14867,GRIMMER,0.79,0.86,5,235,5,0,1,0,support,medium,2
14870,SENNETT,0.77,0.91,5,221,6,0,1,0,support,medium,2
14873,GROTHE,0.1,0.79,6,275,4,0,1,0,management,low,1
14874,GERLING,0.1,0.9,6,299,4,0,1,0,marketing,low,1
14876,WINBUSH,0.1,0.97,7,306,4,0,1,0,marketing,low,1
14877,TARDIF,0.84,1.0,5,242,5,0,1,0,sales,low,1
14883,AOKI,0.09,0.84,6,269,4,0,1,0,sales,low,1
14884,SEGUNDO,0.78,0.86,5,274,5,0,1,0,sales,low,1
14891,KNIGHTS,0.85,0.87,5,246,5,1,1,0,sales,medium,2
14892,KIRSCHBAUM,0.11,0.92,6,281,4,0,1,0,sales,medium,2
14893,HARTING,0.11,0.9,6,253,4,0,1,0,sales,medium,2
14896,BASKETT,0.75,1.0,5,223,6,0,1,0,accounting,medium,2
14897,SANDRIDGE,0.11,0.92,6,269,4,0,1,0,accounting,medium,2
14898,ROMANELLI,0.1,0.9,7,269,4,0,1,0,accounting,medium,2
14899,ROLEN,0.1,0.81,7,244,5,0,1,0,hr,medium,2
14901,NAIK,0.11,0.93,5,140,5,0,1,0,hr,medium,2
14905,DURYEA,0.11,0.77,6,247,4,0,1,0,technical,medium,2
14906,DUBLIN,0.79,0.93,5,268,5,0,1,0,technical,medium,2
14907,DORIS,0.8,0.9,5,267,5,0,1,0,technical,medium,2
14908,CONATSER,0.1,0.87,7,251,5,0,1,0,technical,low,1
14909,BRIZENDINE,0.09,0.93,6,279,4,0,1,0,technical,low,1
14910,BLANCAS,0.7,0.84,6,161,4,0,1,0,technical,low,1
14911,WESTRA,0.72,0.84,4,256,5,0,1,0,technical,low,1
14912,SUESS,0.11,0.8,6,304,4,0,1,0,technical,low,1
14916,FLOHR,0.76,0.87,5,262,5,0,1,0,support,low,1
14918,BERTUCCI,0.09,0.89,6,282,4,0,1,0,support,low,1
14920,SEALES,0.87,0.91,5,228,5,0,1,0,support,low,1
14921,OVERBECK,0.1,0.86,6,283,4,0,1,0,support,low,1
14922,KOLESAR,0.11,0.86,6,286,4,0,1,0,support,low,1
14924,IVESTER,0.1,0.81,6,245,4,0,1,0,support,low,1
14925,DOWNARD,0.11,0.95,6,279,4,0,1,0,technical,low,1
14926,DARLEY,0.85,0.87,5,245,5,0,1,0,technical,low,1
14929,PANTER,0.1,0.83,7,302,5,0,1,0,IT,medium,2
14930,GRAVLEY,0.11,0.89,6,268,4,0,1,0,IT,medium,2
14931,SHIPPY,0.87,0.88,5,240,5,0,1,0,IT,medium,2
14933,DHALIWAL,0.1,0.94,7,264,4,0,1,0,IT,medium,2
14936,GORBY,0.76,0.98,5,217,6,0,1,0,product_mng,medium,2
14938,RHYMES,0.9,0.92,4,271,5,0,1,0,IT,medium,2
14939,EISENMAN,0.85,0.87,4,273,5,0,1,0,RandD,medium,2
14940,BESAW,0.1,0.78,5,285,4,1,1,0,RandD,medium,2
14943,URIOSTEGUI,0.81,0.92,5,239,5,0,1,0,RandD,medium,2
14944,TILDEN,0.83,0.85,5,237,5,0,1,0,marketing,medium,2
14945,SOPKO,0.14,0.75,4,277,5,1,1,0,sales,medium,2
14946,RENTSCHLER,0.1,0.84,5,303,5,0,1,0,accounting,medium,2
14947,GIRTON,0.91,0.98,4,242,6,0,1,0,support,low,1
14955,DYCK,0.72,0.94,4,258,5,0,1,0,sales,low,1
14957,ZEBROWSKI,0.82,0.94,5,236,5,0,1,0,sales,low,1
14959,HEGWOOD,0.59,1.0,2,155,5,0,1,0,sales,low,1
14960,HEDSTROM,0.82,0.86,5,257,5,0,1,0,sales,low,1
14961,BRIGHTMAN,0.73,0.97,6,189,2,0,1,0,sales,low,1
14963,BLUNDELL,0.09,0.95,6,271,4,0,1,0,sales,low,1
14964,BEECHAM,0.1,0.97,6,280,4,0,1,0,sales,low,1
14966,SEEFELDT,0.83,0.81,5,219,5,0,1,0,sales,low,1
14970,GIBBENS,0.78,0.93,4,225,5,0,1,0,sales,medium,2
14972,BUCY,0.11,0.97,6,310,4,0,1,0,accounting,medium,2
14975,THIEDE,0.1,0.79,7,310,4,0,1,0,hr,medium,2
14977,MERSHON,0.81,0.85,4,251,6,0,1,0,hr,medium,2
14979,BONDY,0.09,0.93,6,296,4,0,1,0,technical,medium,2
14980,BOLSTER,0.76,0.89,5,238,5,0,1,0,technical,high,3
14981,BASTIN,0.73,0.93,5,162,4,0,1,0,technical,low,1
14983,TEEPLE,0.72,0.84,5,257,5,0,1,0,technical,medium,2
14985,SAN,0.91,0.99,5,254,5,0,1,0,technical,medium,2
14986,REITH,0.85,0.85,4,247,6,0,1,0,technical,low,1
14990,HENEGAR,0.89,0.88,5,228,5,1,1,0,support,low,1
14991,HAISLIP,0.09,0.81,6,257,4,0,1,0,support,low,1
14993,ARTER,0.76,0.83,6,293,6,0,1,0,support,low,1
14997,PARMAR,0.11,0.96,6,280,4,0,1,0,support,low,1
